년월일,호기,총량(kw),평균(kw),최대(kw),최소(kw),"최대(시간별, kw)","최소(시간별, kw)",1,2,3,4,5,6,7,8,9,10,11,12,13,14,15,16,17,18,19,20,21,22,23,24
2018-01-01,1,0,0,0,0,0,0,0,0,0,0,0,0,0,0,0,0,0,0,0,0,0,0,0,0,0,0,0,0,0,0
2018-01-02,1,0,0,0,0,0,0,0,0,0,0,0,0,0,0,0,0,0,0,0,0,0,0,0,0,0,0,0,0,0,0
2018-01-03,1,0,0,0,0,0,0,0,0,0,0,0,0,0,0,0,0,0,0,0,0,0,0,0,0,0,0,0,0,0,0
2018-01-04,1,0,0,0,0,0,0,0,0,0,0,0,0,0,0,0,0,0,0,0,0,0,0,0,0,0,0,0,0,0,0
2018-01-05,1,0,0,0,0,0,0,0,0,0,0,0,0,0,0,0,0,0,0,0,0,0,0,0,0,0,0,0,0,0,0
2018-01-06,1,463.28,19,80.16,0,80.16,0.08,0,0,0,0,0,0,0,0.24,4.72,37.84,66.72,78.88,80.16,75.76,60.72,42.56,15.6,0.08,0,0,0,0,0,0
2018-01-07,1,130.96,5,30.16,0,30.16,0.08,0,0,0,0,0,0,0,0.16,5.44,18.64,30.16,17.04,17.12,13.68,13.76,11.36,3.52,0.08,0,0,0,0,0,0
2018-01-08,1,37.36,2,12.4,0,12.4,0.72,0,0,0,0,0,0,0,0,0,0.72,3.44,7.68,12.4,5.68,3.44,1.68,2.32,0,0,0,0,0,0,0
2018-01-09,1,447.12,19,81.12,0,81.12,0.16,0,0,0,0,0,0,0,0.16,6.24,30.4,70.64,79.52,81.12,72.88,55.84,35.68,14.4,0.24,0,0,0,0,0,0
2018-01-10,1,359.76,15,83.6,0,83.6,0.16,0,0,0,0,0,0,0,0.16,5.76,19.68,51.52,83.6,29.92,57.52,64,40.8,6.8,0,0,0,0,0,0,0
2018-01-11,1,471.84,20,81.6,0,81.6,0.16,0,0,0,0,0,0,0,0.32,7.52,41.2,69.52,81.2,81.6,70.88,60.64,42.08,16.72,0.16,0,0,0,0,0,0
2018-01-12,1,485.92,20,82.48,0,82.48,0.16,0,0,0,0,0,0,0,0.32,6.88,42.32,69.84,81.52,82.48,77.12,63.76,43.52,18,0.16,0,0,0,0,0,0
2018-01-13,1,374.64,16,72.16,0,72.16,0.32,0,0,0,0,0,0,0,0.32,3.2,7.84,50,69.6,72.16,67.28,55.04,36.08,12.8,0.32,0,0,0,0,0,0
2018-01-14,1,301.2,13,63.84,0,63.84,0.24,0,0,0,0,0,0,0,0.24,5.68,15.6,24.08,34.72,56.8,63.84,53.04,34.32,12.56,0.32,0,0,0,0,0,0
2018-01-15,1,406.96,17,72.96,0,72.96,0.08,0,0,0,0,0,0,0,0.08,4.8,34.4,58.88,70.88,72.96,65.36,51.84,32.96,14.48,0.32,0,0,0,0,0,0
2018-01-16,1,19.6,1,4.96,0,4.96,0.16,0,0,0,0,0,0,0,0,0.88,2.08,1.92,2.64,2.8,4.96,2.24,1.92,0.16,0,0,0,0,0,0,0
2018-01-17,1,63.52,3,22.24,0,22.24,0.4,0,0,0,0,0,0,0,0,0.64,2.8,6,7.36,7.36,22.24,16.16,0.4,0.56,0,0,0,0,0,0,0
2018-01-18,1,374.96,16,68.16,0,68.16,0.16,0,0,0,0,0,0,0,0.16,6.72,31.36,48.96,66.64,68.16,64.4,49.76,27.6,10.4,0.8,0,0,0,0,0,0
2018-01-19,1,456.64,19,78.8,0,78.8,0.16,0,0,0,0,0,0,0,0.16,7.36,40.48,61.76,74.56,78.8,74,62.56,40.96,14.96,1.04,0,0,0,0,0,0
2018-01-20,1,437.52,18,76.08,0,76.08,0.16,0,0,0,0,0,0,0,0.16,7.68,39.92,63.6,76.08,75.36,72,54.48,34.72,12.4,1.12,0,0,0,0,0,0
2018-01-21,1,364.64,15,62.8,0,62.8,0.32,0,0,0,0,0,0,0,0.32,9.12,37.6,57.28,62.8,62.8,54.16,44.4,28.8,6.72,0.64,0,0,0,0,0,0
2018-01-22,1,178.08,7,31.04,0,31.04,0.08,0,0,0,0,0,0,0,0.08,2.72,11.92,27.92,27.92,15.44,17.12,28.16,31.04,14.72,1.04,0,0,0,0,0,0
2018-01-23,1,517.92,22,89.04,0,89.04,0.32,0,0,0,0,0,0,0,0.32,9.28,42.24,66.16,83.6,89.04,83.2,70.56,48.88,23.52,1.12,0,0,0,0,0,0
2018-01-24,1,536.56,22,94,0,94,0.64,0,0,0,0,0,0,0,0.64,12.16,56.16,80.96,94,90.08,67.36,61.76,51.28,20.48,1.68,0,0,0,0,0,0
2018-01-25,1,568.64,24,94.88,0,94.88,0.56,0,0,0,0,0,0,0,0.88,13.68,55.92,79.76,93.04,94.88,87.52,71.6,51.6,19.2,0.56,0,0,0,0,0,0
2018-01-26,1,584.32,24,95.36,0,95.36,0.8,0,0,0,0,0,0,0,0.8,13.36,56.48,80.4,93.84,95.36,89.36,74.72,53.04,25.12,1.84,0,0,0,0,0,0
2018-01-27,1,538.72,22,89.52,0,89.52,0.8,0,0,0,0,0,0,0,0.8,10.48,53.36,74.64,87.52,89.52,81.92,67.92,48.48,22.32,1.76,0,0,0,0,0,0
2018-01-28,1,448.72,19,87.52,0,87.52,1.44,0,0,0,0,0,0,0,0,3.36,13.28,51.36,81.2,87.52,75.28,66.4,47.12,21.76,1.44,0,0,0,0,0,0
2018-01-29,1,526.4,22,88.24,0,88.24,0.88,0,0,0,0,0,0,0,0.88,12.88,49.52,70.8,86.08,88.24,79.2,67.12,46.56,23.12,2,0,0,0,0,0,0
2018-01-30,1,506.08,21,88.72,0,88.72,0.64,0,0,0,0,0,0,0,0.64,9.52,56.24,78.8,81.76,80.4,88.72,64.8,28.88,14.8,1.52,0,0,0,0,0,0
2018-01-31,1,333.36,14,66.4,0,66.4,0.4,0,0,0,0,0,0,0,0.4,10.88,35.04,61.04,66.4,59.76,44.16,35.44,15.52,4.72,0,0,0,0,0,0,0
2018-02-01,1,525.12,22,88.96,0,88.96,0.48,0,0,0,0,0,0,0,0.48,11.12,46,67.28,83.6,88.96,83.04,69.28,49.2,23.92,2.24,0,0,0,0,0,0
2018-02-02,1,335.28,14,73.68,0,73.68,0.8,0,0,0,0,0,0,0,0.8,10,31.76,47.2,73.68,61.12,48.72,35.6,17.68,7.92,0.8,0,0,0,0,0,0
2018-02-03,1,523.36,22,89.36,0,89.36,0.64,0,0,0,0,0,0,0,0.64,11.84,48.16,70.88,81.52,61.92,89.36,74.56,53.92,27.44,3.12,0,0,0,0,0,0
2018-02-04,1,599.44,25,98.24,0,98.24,0.72,0,0,0,0,0,0,0,0.72,13.52,56.96,80.56,95.36,98.24,92.24,76.32,54.96,27.36,3.2,0,0,0,0,0,0
2018-02-05,1,582.16,24,95.6,0,95.6,1.04,0,0,0,0,0,0,0,1.04,18.4,59.12,81.76,94.72,95.6,87.36,69.92,47.52,24.4,2.32,0,0,0,0,0,0
2018-02-06,1,608.48,25,98.88,0,98.88,1.2,0,0,0,0,0,0,0,1.2,19.12,58.16,82.24,96.4,98.88,91.12,75.12,54.32,28.32,3.6,0,0,0,0,0,0
2018-02-07,1,610.4,25,97.12,0,97.12,1.92,0,0,0,0,0,0,0,1.92,20.72,58.32,83.52,94.64,97.12,91.52,76.16,54.8,27.92,3.76,0,0,0,0,0,0
2018-02-08,1,507.68,21,82.72,0,82.72,0.8,0,0,0,0,0,0,0,0.8,15.04,48.08,68.8,81.76,82.72,76.8,64,44.16,22.32,3.2,0,0,0,0,0,0
2018-02-09,1,370.88,15,81.68,0,81.68,1.92,0,0,0,0,0,0,0,0,6.88,33.52,60.4,62,81.68,28.24,52.72,34,9.52,1.92,0,0,0,0,0,0
2018-02-10,1,273.92,11,61.44,0,61.44,0.08,0,0,0,0,0,0,0,0.08,2.4,5.6,10.8,27.52,55.76,61.44,58.96,36.96,12.88,1.52,0,0,0,0,0,0
2018-02-11,1,433.92,18,73.28,0,73.28,1.28,0,0,0,0,0,0,0,1.28,19.12,54.16,73.28,45.92,63.92,54.16,62,42.4,15.44,2.24,0,0,0,0,0,0
2018-02-12,1,596.8,25,97.44,0,97.44,1.2,0,0,0,0,0,0,0,1.2,23.12,58.08,80.56,94.72,97.44,90.32,75.68,52.88,19.04,3.76,0,0,0,0,0,0
2018-02-13,1,584.24,24,93.52,0,93.52,1.2,0,0,0,0,0,0,0,1.2,17.44,54.48,78.16,92.72,93.52,87.68,73.52,53.04,27.92,4.56,0,0,0,0,0,0
2018-02-14,1,442.88,18,80.72,0,80.72,1.6,0,0,0,0,0,0,0,1.6,19.04,47.84,68.16,79.2,80.72,71.68,34.16,25.52,13.36,1.6,0,0,0,0,0,0
2018-02-15,1,342.48,14,79.44,0,79.44,0.96,0,0,0,0,0,0,0,0.96,8.48,19.04,25.28,54.56,79.44,64.64,42.48,26.64,17.84,3.12,0,0,0,0,0,0
2018-02-16,1,305.92,13,61.92,0,61.92,0.72,0,0,0,0,0,0,0,0.72,10.24,27.28,51.6,61.92,53.04,47.2,29.04,13.92,8.4,2.56,0,0,0,0,0,0
2018-02-17,1,589.84,25,89.92,0,89.92,1.28,0,0,0,0,0,0,0,1.28,25.84,57.28,81.04,89.92,80.56,89.12,75.6,55.52,29.68,4,0,0,0,0,0,0
2018-02-18,1,400.08,17,78.24,0,78.24,1.44,0,0,0,0,0,0,0,1.44,24.48,53.28,74.16,78.24,68.08,46.72,27.04,16.24,8.56,1.84,0,0,0,0,0,0
2018-02-19,1,300.08,13,53.92,0,53.92,1.12,0,0,0,0,0,0,0,1.12,12.96,26.72,50.72,50,53.92,46.48,32.4,15.28,9.12,1.36,0,0,0,0,0,0
2018-02-20,1,487.76,20,81.44,0,81.44,1.92,0,0,0,0,0,0,0,1.92,23.12,51.6,70.16,80.8,81.44,68.4,53.76,38.24,15.44,2.88,0,0,0,0,0,0
2018-02-21,1,396.16,17,60.96,0,60.96,1.76,0,0,0,0,0,0,0,1.76,13.12,51.84,53.84,60.96,51.12,60.56,43.52,37.76,18,3.68,0,0,0,0,0,0
2018-02-22,1,523.92,22,87.52,0,87.52,3.2,0,0,0,0,0,0,0,3.2,20.08,46.48,73.92,84.56,87.52,68.8,61.28,47.12,25.28,5.68,0,0,0,0,0,0
2018-02-23,1,504.16,21,86.88,0,86.88,2.48,0,0,0,0,0,0,0,2.48,19.36,41.6,63.04,84.24,86.88,77.92,63.6,41.92,19.2,3.92,0,0,0,0,0,0
2018-02-24,1,464,19,69.6,0,69.6,2.4,0,0,0,0,0,0,0,2.4,22,47.84,69.28,63.04,64.56,69.6,57.04,44.72,20.56,2.96,0,0,0,0,0,0
2018-02-25,1,370.48,15,69.92,0,69.92,1.44,0,0,0,0,0,0,0,1.44,9.52,31.04,57.84,69.92,53.04,57.52,50.96,19.76,16.64,2.8,0,0,0,0,0,0
2018-02-26,1,552.72,23,84.08,0,84.08,0.08,0,0,0,0,0,0,0,2.64,26.96,54.08,73.52,82.16,84.08,80.16,67.12,48.8,26.96,6.16,0.08,0,0,0,0,0
2018-02-27,1,449.36,19,74.48,0,74.48,3.04,0,0,0,0,0,0,0,3.04,22.72,45.12,64.56,71.76,74.48,60.4,51.52,31.04,19.28,5.44,0,0,0,0,0,0
2018-02-28,1,61.04,3,21.36,0,21.36,0.08,0,0,0,0,0,0,0,0.08,2.24,21.36,17.2,10.8,5.12,3.52,0.72,0,0,0,0,0,0,0,0,0
2018-03-01,1,551.44,23,98.16,0,98.16,3.76,0,0,0,0,0,0,0,3.76,17.6,6.24,67.76,90.96,98.16,91.76,77.52,58,32.96,6.72,0,0,0,0,0,0
2018-03-02,1,620.72,26,95.44,0,95.44,3.68,0,0,0,0,0,0,0,3.68,29.92,59.44,80.72,92.72,95.44,84.72,76.16,56.88,33.12,7.92,0,0,0,0,0,0
2018-03-03,1,369.36,15,74.56,0,74.56,3.68,0,0,0,0,0,0,0,3.68,14.96,20.16,30.32,34.24,36.56,74.56,66.72,50.96,29.92,7.28,0,0,0,0,0,0
2018-03-04,1,160.08,7,25.04,0,25.04,1.44,0,0,0,0,0,0,0,4.64,12.24,14.48,25.04,23.6,24.88,19.28,22.48,7.76,4.24,1.44,0,0,0,0,0,0
2018-03-05,1,58.64,2,11.28,0,11.28,0.08,0,0,0,0,0,0,0,0,0.08,1.52,4.24,10.32,7.84,8.64,6.48,5.28,11.28,2.96,0,0,0,0,0,0
2018-03-06,1,559.6,23,85.28,0,85.28,0.16,0,0,0,0,0,0,0,3.04,17.12,36.96,84,80.72,80.32,85.28,73.52,56.8,33.12,8.56,0.16,0,0,0,0,0
2018-03-07,1,183.76,8,37.76,0,37.76,2.64,0,0,0,0,0,0,0,0,4.32,24.16,16.24,22.8,18.4,20,37.76,26.64,10.8,2.64,0,0,0,0,0,0
2018-03-08,1,56.8,2,19.36,0,19.36,0.32,0,0,0,0,0,0,0,0,1.28,2.4,4.88,7.92,10.88,19.36,8.56,1.2,0.32,0,0,0,0,0,0,0
2018-03-09,1,231.44,10,61.28,0,61.28,0.08,0,0,0,0,0,0,0,3.44,10.88,32.4,24.8,61.28,26.8,24.32,18.08,14.16,11.84,3.36,0.08,0,0,0,0,0
2018-03-10,1,493.6,21,89.28,0,89.28,0.24,0,0,0,0,0,0,0,7.12,28.56,25.36,50.88,58,64.96,89.28,73.6,55.76,31.44,8.4,0.24,0,0,0,0,0
2018-03-11,1,604.8,25,92.4,0,92.4,0.08,0,0,0,0,0,0,0.08,7.76,30.96,60.48,81.68,92.4,89.76,80.48,69.84,52.72,30.32,8.08,0.24,0,0,0,0,0
2018-03-12,1,571.12,24,89.12,0,89.12,0.08,0,0,0,0,0,0,0.08,7.2,28.32,51.36,68.96,86.24,89.12,81.92,68.96,51.68,29.2,8,0.08,0,0,0,0,0
2018-03-13,1,588.96,25,88.56,0,88.56,0.08,0,0,0,0,0,0,0.08,8.08,30.32,56.56,74.16,84.64,88.56,83.52,70.64,52.64,31.12,8.32,0.32,0,0,0,0,0
2018-03-14,1,559.44,23,85.36,0,85.36,0.08,0,0,0,0,0,0,0.08,7.92,28.32,51.44,73.84,82.8,85.36,78.32,66.4,50.48,28.64,5.6,0.24,0,0,0,0,0
2018-03-15,1,17.04,1,4.32,0,4.32,0.16,0,0,0,0,0,0,0,0.32,4.32,4,3.2,0.24,0.32,0.24,0.48,2.4,1.36,0.16,0,0,0,0,0,0
2018-03-16,1,409.44,17,87.28,0,87.28,0.16,0,0,0,0,0,0,0,0.16,2.64,9.28,22.96,32.24,73.76,87.28,76,59.36,35.28,10.08,0.4,0,0,0,0,0
2018-03-17,1,597.36,25,92,0,92,0.24,0,0,0,0,0,0,0.24,7.04,30.24,59.6,83.36,92,60.72,87.2,76.56,58.48,31.52,9.92,0.48,0,0,0,0,0
2018-03-18,1,295.92,12,50.96,0,50.96,0.48,0,0,0,0,0,0,0.48,9.76,22.08,39.92,33.2,46.72,38,50.96,26,16.24,11.6,0.96,0,0,0,0,0,0
2018-03-19,1,85.12,4,18.88,0,18.88,0.24,0,0,0,0,0,0,0,0,2.08,3.2,9.28,16.72,18.88,13.68,7.28,8.48,5.28,0.24,0,0,0,0,0,0
2018-03-20,1,301.68,13,65.92,0,65.92,0.08,0,0,0,0,0,0,0.08,5.28,16.08,35.36,51.76,61.76,65.92,36.72,13.44,10.32,4.32,0.64,0,0,0,0,0,0
2018-03-21,1,111.92,5,19.84,0,19.84,1.76,0,0,0,0,0,0,0,1.76,3.76,4,6.88,13.2,19.84,10,16.08,17.12,14.96,4.32,0,0,0,0,0,0
2018-03-22,1,555.44,23,98,0,98,0.08,0,0,0,0,0,0,0.08,7.68,15.44,24.4,52.56,91.92,98,88.88,75.44,56.48,33.76,10.08,0.72,0,0,0,0,0
2018-03-23,1,620.8,26,86.48,0,86.48,0.48,0,0,0,0,0,0,0.48,11.76,33.84,59.6,80.56,86.24,86.48,86.32,75.36,56.72,32.88,9.92,0.64,0,0,0,0,0
2018-03-24,1,559.36,23,83.84,0,83.84,0.16,0,0,0,0,0,0,0.16,10.96,26.24,52.16,74.32,83.84,82.32,78,67.28,48.4,26.96,8.32,0.4,0,0,0,0,0
2018-03-25,1,592.96,25,88,0,88,0.56,0,0,0,0,0,0,0.72,12.16,33.36,59.36,77.04,88,82.64,79.04,68.32,52.24,30.4,9.12,0.56,0,0,0,0,0
2018-03-26,1,566.16,24,81.6,0,81.6,0.48,0,0,0,0,0,0,0.64,12.08,34.4,58.48,73.92,81.6,77.6,73.92,63.92,50.64,29.52,8.96,0.48,0,0,0,0,0
2018-03-27,1,569.36,24,81.52,0,81.52,0.72,0,0,0,0,0,0,0.8,12.24,32.24,57.6,72.24,79.6,81.52,76.48,68,50.48,28.88,8.56,0.72,0,0,0,0,0
2018-03-28,1,586.72,24,85.52,0,85.52,0.72,0,0,0,0,0,0,0.72,12.16,33.68,57.76,76.88,85.52,83.92,76.4,68.96,51.44,29.68,8.88,0.72,0,0,0,0,0
2018-03-29,1,495.84,21,72.56,0,72.56,0.56,0,0,0,0,0,0,0.88,10,27.2,44.88,62.32,69.68,72.56,71.68,59.76,43.68,24.4,8.24,0.56,0,0,0,0,0
2018-03-30,1,580.8,24,82.4,0,82.4,0.88,0,0,0,0,0,0,0.96,12.4,32.16,56.88,73.6,81.84,82.4,76.72,68.64,52.64,31.68,10,0.88,0,0,0,0,0
2018-03-31,1,537.28,22,76.32,0,76.32,0.72,0,0,0,0,0,0,1.2,11.76,30.8,51.2,68.8,74.72,72.88,76.32,64.72,47.52,27.36,9.28,0.72,0,0,0,0,0
2018-04-01,1,439.6,18,70.64,0,70.64,0.56,0,0,0,0,0,0,1.28,10.16,28.48,47.2,62.24,70.64,64.72,59.44,36.4,32.48,19.6,6.4,0.56,0,0,0,0,0
2018-04-02,1,548.16,23,81.44,0,81.44,0.64,0,0,0,0,0,0,1.36,12.56,31.84,53.84,66.4,78.88,81.44,72.56,63.92,47.6,28.32,8.8,0.64,0,0,0,0,0
2018-04-03,1,546.32,23,77.68,0,77.68,0.56,0,0,0,0,0,0,1.12,12.16,31.68,51.44,71.6,77.68,77.52,74.64,63.76,48.72,28.56,6.88,0.56,0,0,0,0,0
2018-04-04,1,85.44,4,15.84,0,15.84,0.72,0,0,0,0,0,0,0.72,7.52,6.24,10.72,10.72,3.84,3.6,13.28,15.84,8.08,3.84,1.04,0,0,0,0,0,0
2018-04-05,1,163.44,7,36.24,0,36.24,0.48,0,0,0,0,0,0,0,0.48,4.64,11.28,16.16,36.24,25.52,23.12,20.48,16.32,7.2,2,0,0,0,0,0,0
2018-04-06,1,351.6,15,81.6,0,81.6,0.32,0,0,0,0,0,0,0,0.32,1.6,3.2,12.72,20.8,72.56,81.6,69.6,46.48,31.28,10.4,1.04,0,0,0,0,0
2018-04-07,1,509.68,21,88,0,88,0.96,0,0,0,0,0,0,2,14.64,31.92,40.8,67.04,69.36,88,78,35.84,33.04,36.88,11.2,0.96,0,0,0,0,0
2018-04-08,1,604.24,25,90.48,0,90.48,0.96,0,0,0,0,0,0,2.32,16.72,39.76,66.56,82.56,70.48,90.48,85.92,72.64,46.32,18.24,11.28,0.96,0,0,0,0,0
2018-04-09,1,576.88,24,81.36,0,81.36,0.72,0,0,0,0,0,0,0.72,11.6,32.16,61.6,76.72,81.36,81.12,69.68,65.6,53.36,31.76,10.32,0.88,0,0,0,0,0
2018-04-10,1,383.28,16,62.08,0,62.08,0.4,0,0,0,0,0,0,1.52,11.92,22.8,42.08,62.08,45.36,30.4,57.12,32.48,40.88,30.96,5.28,0.4,0,0,0,0,0
2018-04-11,1,538.8,22,74.4,0,74.4,0.08,0,0,0,0,0,0,0.08,7.44,30,54.8,72.32,70.72,68.08,74.4,68.32,51.12,29.68,10.96,0.88,0,0,0,0,0
2018-04-12,1,418.72,17,69.36,0,69.36,0.64,0,0,0,0,0,0,1.52,16.08,30.72,34.72,50.08,69.36,59.68,53.44,44.24,31.36,19.44,7.44,0.64,0,0,0,0,0
2018-04-13,1,348.24,15,56,0,56,0.72,0,0,0,0,0,0,3.6,17.12,31.36,52.32,46.4,56,44.24,27.12,24.72,24.08,14.8,5.76,0.72,0,0,0,0,0
2018-04-14,1,23.68,1,6.56,0,6.56,0.08,0,0,0,0,0,0,0,0.08,0.88,0.88,1.84,2.72,2.4,0.8,1.04,2.88,3.36,6.56,0.24,0,0,0,0,0
2018-04-15,1,609.68,25,86.8,0,86.8,0.88,0,0,0,0,0,0,3.12,16.4,39.28,63.36,83.84,86.8,82.96,78,64.64,49.84,29.44,11.12,0.88,0,0,0,0,0
2018-04-16,1,540.64,23,75.84,0,75.84,1.68,0,0,0,0,0,0,3.52,16.56,38,60.32,65.04,67.92,75.84,65.52,57.84,49.2,28.4,10.8,1.68,0,0,0,0,0
2018-04-17,1,494.64,21,71.68,0,71.68,1.04,0,0,0,0,0,0,1.44,11.28,23.36,44.64,52,66.8,56.56,71.68,68.88,54.48,31.36,11.12,1.04,0,0,0,0,0
2018-04-18,1,601.12,25,81.92,0,81.92,1.6,0,0,0,0,0,0,3.36,16.64,37.52,58.16,74.24,79.76,81.92,81.52,70.8,52.64,32,10.96,1.6,0,0,0,0,0
2018-04-19,1,616.08,26,87.28,0,87.28,0.96,0,0,0,0,0,0,2.8,16.88,38.48,62.32,78.32,87.28,86.96,78.56,69.6,52.8,30.48,10.64,0.96,0,0,0,0,0
2018-04-20,1,531.36,22,74.64,0,74.64,0.96,0,0,0,0,0,0,3.04,15.84,34.32,53.28,63.44,72.96,74.64,68.08,60.56,46.56,27.84,9.84,0.96,0,0,0,0,0
2018-04-21,1,570.96,24,78.4,0,78.4,1.52,0,0,0,0,0,0,3.44,16.4,36.16,59.84,77.84,78.4,76.4,72.4,62.64,48.96,24.56,12.4,1.52,0,0,0,0,0
2018-04-22,1,216.64,9,40.24,0,40.24,0.72,0,0,0,0,0,0,3.84,2.08,8.08,20.8,27.6,27.04,17.92,11.52,31.6,40.24,19.36,5.84,0.72,0,0,0,0,0
2018-04-23,1,41.76,2,11.2,0,11.2,0.24,0,0,0,0,0,0,0.24,0.32,2.48,3.44,3.04,5.36,11.2,3.68,7.28,2.32,1.12,1.28,0,0,0,0,0,0
2018-04-24,1,196.16,8,33.68,0,33.68,0.24,0,0,0,0,0,0,0,0.64,5.84,13.2,20.16,33.68,28.56,28.08,26.88,23.36,9.92,5.6,0.24,0,0,0,0,0
2018-04-25,1,614,26,84.16,0,84.16,1.28,0,0,0,0,0,0,4.56,18.24,40.08,64.16,73.36,83.36,84.16,80.32,69.76,52.48,31.36,10.88,1.28,0,0,0,0,0
2018-04-26,1,574.08,24,81.04,0,81.04,0.96,0,0,0,0,0,0,4,18.16,32,52.24,74.32,81.04,80.24,67.36,68,54,31.12,10.64,0.96,0,0,0,0,0
2018-04-27,1,522.72,22,81.92,0,81.92,1.44,0,0,0,0,0,0,5.28,15.6,28.64,25.84,75.44,81.92,76.24,68.16,57.44,46.96,28.88,10.88,1.44,0,0,0,0,0
2018-04-28,1,599.52,25,85.28,0,85.28,0.08,0,0,0,0,0,0.08,4.72,17.52,38.08,61.04,75.44,79.76,85.28,76.88,66.16,50.8,31.28,11.2,1.28,0,0,0,0,0
2018-04-29,1,579.44,24,81.36,0,81.36,1.6,0,0,0,0,0,0,4.24,18.24,38.48,48.24,72.72,78.48,81.36,74.56,67.12,49.52,31.28,13.6,1.6,0,0,0,0,0
2018-04-30,1,516.48,22,76.4,0,76.4,1.2,0,0,0,0,0,0,4.88,17.84,37.36,50.96,68.16,76.4,58.56,57.12,58.48,46.8,28,10.72,1.2,0,0,0,0,0
2018-05-01,1,307.28,13,62.08,0,62.08,1.28,0,0,0,0,0,0,2.88,13.2,7.2,21.28,42.88,43.68,43.44,62.08,30.64,11.92,19.6,7.2,1.28,0,0,0,0,0
2018-05-02,1,61.6,3,11.84,0,11.84,0.16,0,0,0,0,0,0,0,0.16,1.44,4.96,4.24,10.08,11.84,9.52,7.92,6.88,2.72,1.36,0.48,0,0,0,0,0
2018-05-03,1,604.24,25,88.16,0,88.16,0.08,0,0,0,0,0,0.08,4.8,18.72,42.24,67.6,82.88,88.16,87.6,61.92,75.2,53.76,11.36,8.56,1.36,0,0,0,0,0
2018-05-04,1,648.08,27,88.72,0,88.72,0.08,0,0,0,0,0,0.08,5.2,18.24,40.4,64.8,83.12,88.72,87.84,81.36,73.52,56.56,34.64,11.84,1.76,0,0,0,0,0
2018-05-05,1,560.08,23,73.76,0,73.76,0.16,0,0,0,0,0,0.16,5.76,19.76,42.32,64,71.68,71.36,73.76,67.84,50.08,48.64,30.8,11.44,2.48,0,0,0,0,0
2018-05-06,1,6.88,0,1.44,0,1.44,0.16,0,0,0,0,0,0,0.16,0.32,0.96,0.64,0.56,0.8,1.44,0.48,0,0.16,0.64,0.72,0,0,0,0,0,0
2018-05-07,1,118.56,5,19.84,0,19.84,0.16,0,0,0,0,0,0,0,0.16,1.6,11.04,14,7.36,9.92,15.44,7.12,17.52,19.84,13.28,1.28,0,0,0,0,0
2018-05-08,1,211.52,9,25.6,0,25.6,2.16,0,0,0,0,0,0,2.16,5.76,13.92,25.44,19.6,22.24,20.8,23.6,25.6,22.88,15.68,11.68,2.16,0,0,0,0,0
2018-05-09,1,498.4,21,77.92,0,77.92,2.08,0,0,0,0,0,0,2.08,7.28,19.36,28.88,65.36,77.92,68.96,59.28,62,56.8,35.04,13.36,2.08,0,0,0,0,0
2018-05-10,1,636.64,27,87.76,0,87.76,0.32,0,0,0,0,0,0.32,5.68,20.64,41.52,60.72,80.08,87.76,86.16,81.04,70.08,54.16,33.36,13.28,1.84,0,0,0,0,0
2018-05-11,1,553.04,23,74.96,0,74.96,0.24,0,0,0,0,0,0.24,5.44,18.72,39.12,58.64,69.6,74.96,73.44,64.8,65.12,43.84,22.88,14.64,1.6,0,0,0,0,0
2018-05-12,1,94.56,4,18.8,0,18.8,0.08,0,0,0,0,0,0,0.4,2.32,11.84,18.8,14.64,8.16,10.08,13.44,5.84,4.24,2.64,2.08,0.08,0,0,0,0,0
2018-05-13,1,366.08,15,65.6,0,65.6,0.48,0,0,0,0,0,0,0,0.48,10.4,21.28,30.8,35.36,45.76,65.6,64.16,47.84,30.48,12.16,1.76,0,0,0,0,0
2018-05-14,1,568.72,24,76.96,0,76.96,0.24,0,0,0,0,0,0.24,5.28,18.88,38.56,56.48,69.76,75.76,76.96,71.2,63.76,48.16,29.76,12.32,1.6,0,0,0,0,0
2018-05-15,1,536.32,22,70.72,0,70.72,0.24,0,0,0,0,0,0.24,8.56,20.72,34.4,50.8,67.36,70.72,65.12,70.16,60.64,49.84,23.12,12.56,2.08,0,0,0,0,0
2018-05-16,1,29.84,1,6.56,0,6.56,0.56,0,0,0,0,0,0,0,1.28,5.76,2.08,0.64,1.44,6.56,4,6.24,1.28,0.56,0,0,0,0,0,0,0
2018-05-17,1,24.08,1,7.2,0,7.2,0.08,0,0,0,0,0,0,0.08,0.64,1.68,2.72,4.72,7.2,2.56,1.84,1.44,0.16,0.88,0.16,0,0,0,0,0,0
2018-05-18,1,132.48,6,36,0,36,0.4,0,0,0,0,0,0,0.4,5.6,13.92,36,19.36,6.4,6.48,21.2,16.4,3.36,2.16,1.2,0,0,0,0,0,0
2018-05-19,1,538.24,22,71.76,0,71.76,0.8,0,0,0,0,0,0,0.8,7.28,40.48,64.4,71.76,67.36,65.28,59.84,58.48,45.44,40.72,14.08,2.32,0,0,0,0,0
2018-05-20,1,517.12,22,68.24,0,68.24,0.24,0,0,0,0,0,0.24,5.44,19.44,44.24,52.8,66.48,66.96,60.08,68.24,60.08,43.92,22.8,5.6,0.8,0,0,0,0,0
2018-05-21,1,506.8,21,71.84,0,71.84,2.96,0,0,0,0,0,0,2.96,7.52,20.16,52.32,67.68,69.92,70.32,71.84,60.56,46,23.52,10.08,3.92,0,0,0,0,0
2018-05-22,1,553.68,23,79.36,0,79.36,0.72,0,0,0,0,0,0.72,6.72,19.44,36.16,53.76,72.72,74.08,79.36,74.08,51.04,47.28,26.32,10.4,1.6,0,0,0,0,0
2018-05-23,1,367.92,15,67.04,0,67.04,0.96,0,0,0,0,0,0,0,0.96,2.32,13.44,28.08,42.08,56.24,67.04,60.64,50.48,32.88,12.24,1.52,0,0,0,0,0
2018-05-24,1,577.84,24,75.44,0,75.44,0.4,0,0,0,0,0,0.4,6.8,19.76,42.56,61.04,69.76,68.88,75.44,72.24,66.32,48.16,30.96,13.92,1.6,0,0,0,0,0
2018-05-25,1,492.96,21,66.16,0,66.16,0.48,0,0,0,0,0,0.48,6.64,20.56,42.4,51.6,65.76,53.2,66.16,60.88,50.08,37.84,22.08,12.32,2.96,0,0,0,0,0
2018-05-26,1,529.84,22,67.36,0,67.36,0.4,0,0,0,0,0,0.4,5.68,18.24,38.48,54.64,65.12,66.88,63.04,67.36,57.44,48.16,30.4,12.56,1.44,0,0,0,0,0
2018-05-27,1,424.16,18,59.92,0,59.92,0.88,0,0,0,0,0,0.88,8.16,16.32,35.92,39.76,46.56,54.88,59.92,42.32,48.64,30.08,26.8,12.32,1.6,0,0,0,0,0
2018-05-28,1,182.96,8,29.6,0,29.6,1.6,0,0,0,0,0,0,2.56,14.48,16,12.88,23.28,8.96,4.4,21.68,29.6,12.8,24.16,10.56,1.6,0,0,0,0,0
2018-05-29,1,498.88,21,67.92,0,67.92,0.32,0,0,0,0,0,0.32,8.32,22,39.2,52.48,54.96,67.92,65.52,58.88,51.76,41.92,22.96,10.4,2.24,0,0,0,0,0
2018-05-30,1,505.12,21,74.08,0,74.08,0.24,0,0,0,0,0,0.24,3.2,15.52,32.88,48.48,66.96,66.64,74.08,68.96,52.48,43.92,23.2,7.36,1.2,0,0,0,0,0
2018-05-31,1,450.08,19,55.6,0,55.6,0.4,0,0,0,0,0,0.4,6.08,19.52,32.08,41.52,47.12,51.28,52.88,55.6,44.88,41.52,33.2,16.96,6.56,0.48,0,0,0,0
2018-06-01,1,540.48,23,72.56,0,72.56,0.4,0,0,0,0,0,0.4,5.76,18,36.16,50.48,62.88,66.48,72.56,71.04,62.96,48.4,30.88,12.88,1.6,0,0,0,0,0
2018-06-02,1,530.32,22,73.76,0,73.76,0.48,0,0,0,0,0,0.48,5.36,17.84,36.16,50.24,59.28,66.48,73.76,70.08,59.76,47.28,30.08,11.6,1.92,0,0,0,0,0
2018-06-03,1,510.48,21,73.68,0,73.68,1.04,0,0,0,0,0,1.04,8,19.68,26.16,32.32,50.4,72.08,73.68,69.04,61.76,49.04,31.76,13.68,1.84,0,0,0,0,0
2018-06-04,1,495.84,21,64.8,0,64.8,0.48,0,0,0,0,0,0.48,8.08,12.48,32.48,50,60.24,64.8,62.56,58.08,50.8,46.96,30.24,13.12,5.52,0,0,0,0,0
2018-06-05,1,146.08,6,20.56,0,20.56,0.08,0,0,0,0,0,0,0.08,2.16,3.52,7.68,7.12,11.28,17.68,19.76,20.56,16.72,19.68,15.44,4.4,0,0,0,0,0
2018-06-06,1,508.64,21,66.16,0,66.16,0.16,0,0,0,0,0,0.56,6.96,18.4,33.12,51.6,54.88,63.68,66.16,60.56,58.16,46.72,29.36,14.8,3.52,0.16,0,0,0,0
2018-06-07,1,564.56,24,78.16,0,78.16,0.48,0,0,0,0,0,0.48,6.48,18.96,36.8,51.44,65.44,78.16,76.16,71.2,61.84,49.52,31.44,13.92,2.72,0,0,0,0,0
2018-06-08,1,451.52,19,56.88,0,56.88,0.8,0,0,0,0,0,0.8,7.52,19.6,34.8,40.16,55.6,51.52,56.88,54.96,43.92,38.16,29.28,14.56,3.76,0,0,0,0,0
2018-06-09,1,515.84,21,72.4,0,72.4,0.32,0,0,0,0,0,0.32,6.88,17.76,25.52,34.56,61.36,72.4,71.36,69.04,60.72,49.04,32.16,13.68,1.04,0,0,0,0,0
2018-06-10,1,304.72,13,62.16,0,62.16,0.08,0,0,0,0,0,0.08,3.2,8.32,20.16,37.92,53.12,62.16,53.68,21.76,15.6,14.88,12.72,1.12,0,0,0,0,0,0
2018-06-11,1,240,10,44.48,0,44.48,2.32,0,0,0,0,0,0,0,0,2.32,8.4,17.28,19.2,31.84,39.12,44.48,39.68,21.76,12.56,3.36,0,0,0,0,0
2018-06-12,1,265.68,11,38.16,0,38.16,1.12,0,0,0,0,0,0,1.12,10.4,18.08,28.08,30.56,37.36,38.16,25.84,21.76,24.16,15.04,12.56,2.56,0,0,0,0,0
2018-06-13,1,386.16,16,49.12,0,49.12,0.24,0,0,0,0,0,0,3.76,15.36,24.96,35.6,49.12,44.48,42.08,32.08,46.88,40.72,31.44,16.24,3.2,0.24,0,0,0,0
2018-06-14,1,546.16,23,74.72,0,74.72,0.56,0,0,0,0,0,0,5.28,13.44,28.08,45.68,65.36,74.72,71.68,71.2,63.84,47.52,32.56,19.04,7.2,0.56,0,0,0,0
2018-06-15,1,403.68,17,52.32,0,52.32,0.4,0,0,0,0,0,0.4,4.24,17.36,39.12,43.76,42.32,52.32,44.24,45.76,35.84,35.36,24.8,15.12,3.04,0,0,0,0,0
2018-06-16,1,402.24,17,69.2,0,69.2,1.68,0,0,0,0,0,0,2.64,13.04,14.96,21.2,37.68,36.88,45.36,69.2,60.96,50.64,33.84,14.16,1.68,0,0,0,0,0
2018-06-17,1,433.44,18,64.4,0,64.4,0.64,0,0,0,0,0,0.64,5.52,19.36,36.72,52.32,64.4,59.84,48.8,40,47.04,23.84,17.76,14.24,2.96,0,0,0,0,0
2018-06-18,1,483.92,20,70.96,0,70.96,0.32,0,0,0,0,0,0.32,6.24,14.88,35.12,41.28,50.72,62.08,70.96,59.6,54.4,40.64,29.92,14.4,3.36,0,0,0,0,0
2018-06-19,1,273.2,11,58.96,0,58.96,1.12,0,0,0,0,0,0,1.12,11.44,18.24,22,32.8,30.72,27.28,58.96,48.88,15.44,4.56,1.76,0,0,0,0,0,0
2018-06-20,1,482.8,20,67.28,0,67.28,0.24,0,0,0,0,0,0.24,4.24,17.92,37.6,55.28,54.96,67.28,63.12,54,46.96,41.28,23.04,13.36,3.52,0,0,0,0,0
2018-06-21,1,498.32,21,67.84,0,67.84,0.32,0,0,0,0,0,0.32,7.6,14.32,34.8,51.36,62.16,67.84,61.04,59.04,47.84,47.68,29.04,14.24,1.04,0,0,0,0,0
2018-06-22,1,460.16,19,63.68,0,63.68,0.08,0,0,0,0,0,0.08,5.36,19.92,30.96,43.52,52,62.96,63.68,55.44,43.36,42.48,27.2,12,1.2,0,0,0,0,0
2018-06-23,1,330.96,14,64.32,0,64.32,0.48,0,0,0,0,0,0,0,1.76,11.52,14.72,21.6,32.96,33.36,64.32,58.16,44.56,31.44,14.08,2,0.48,0,0,0,0
2018-06-24,1,498.88,21,63.44,0,63.44,0.32,0,0,0,0,0,0.32,6.8,18,35.44,49.04,60.88,60.8,58.72,63.44,57.44,45.84,27.28,12.96,1.92,0,0,0,0,0
2018-06-25,1,480.8,20,65.68,0,65.68,0.32,0,0,0,0,0,0.32,4.8,16.88,32.16,43.92,64.72,56,65.68,63.44,48.4,39.6,26.48,15.12,2.8,0.48,0,0,0,0
2018-06-26,1,48.56,2,13.12,0,13.12,0.08,0,0,0,0,0,0,0.56,1.36,1.52,1.92,1.84,11.28,11.28,13.12,3.68,1.44,0.48,0.08,0,0,0,0,0,0
2018-06-27,1,189.2,8,55.44,0,55.44,1.6,0,0,0,0,0,0,0,0,1.6,8.8,16.8,14.56,4.56,36.64,55.44,25.2,7.52,12.4,5.68,0,0,0,0,0
2018-06-28,1,56.72,2,12,0,12,0.24,0,0,0,0,0,0,0,0,0,0.24,4.96,10.4,12,2.8,4.56,7.52,7.92,5.76,0.56,0,0,0,0,0
2018-06-29,1,174.08,7,33.04,0,33.04,1.44,0,0,0,0,0,0,0,2.48,18.24,14.96,12.48,17.6,33.04,27.28,8.48,5.76,19.44,12.88,1.44,0,0,0,0,0
2018-06-30,1,44.64,2,20.48,0,20.48,0.16,0,0,0,0,0,0,0.4,2.16,2.72,0.16,5.84,20.48,10.96,0.32,0,0,0,0.72,0.88,0,0,0,0,0
2018-07-01,1,407.04,17,58.64,0,58.64,0.24,0,0,0,0,0,0,0.24,8.16,25.52,34.08,58.64,54.16,48,47.28,51.76,40.56,23.68,13.2,1.76,0,0,0,0,0
2018-07-02,1,409.04,17,56.48,0,56.48,1.92,0,0,0,0,0,0,1.92,18.08,25.76,36.4,51.6,56.48,45.12,53.36,51.12,33.44,20.08,12.96,2.72,0,0,0,0,0
2018-07-03,1,11.28,0,1.92,0,1.92,0.16,0,0,0,0,0,0,0.16,0.88,1.52,1.68,0.48,1.2,0.72,1.76,1.92,0.96,0,0,0,0,0,0,0,0
2018-07-04,1,466.8,19,65.92,0,65.92,2.88,0,0,0,0,0,0,2.88,10.96,27.04,50.16,64.96,65.92,57.92,54.8,51.36,38.96,24.96,12.24,4.64,0,0,0,0,0
2018-07-05,1,166.8,7,35.36,0,35.36,1.12,0,0,0,0,0,0,0,4.24,9.76,17.28,8.8,4.88,17.52,35.36,22,21.68,16.08,8.08,1.12,0,0,0,0,0
2018-07-06,1,41.84,2,8.96,0,8.96,0.24,0,0,0,0,0,0,0,0.24,1.84,1.2,3.6,3.36,6.96,8.96,4.08,1.6,6.72,2.48,0.8,0,0,0,0,0
2018-07-07,1,328.56,14,46.8,0,46.8,1.12,0,0,0,0,0,0,4,15.12,24.96,38.56,24.56,32.8,46.8,45.12,34,31.12,22.4,8,1.12,0,0,0,0,0
2018-07-08,1,265.28,11,49.28,0,49.28,0.4,0,0,0,0,0,0.4,3.28,11.2,15.84,20,32.96,39.68,49.28,42.8,22.08,12.56,9.92,4.4,0.88,0,0,0,0,0
2018-07-09,1,163.36,7,26.24,0,26.24,0.32,0,0,0,0,0,0,0.32,2.32,6.64,13.36,13.52,13.12,11.12,23.76,24.48,24.16,26.24,3.12,1.2,0,0,0,0,0
2018-07-10,1,438.8,18,60.48,0,60.48,3.84,0,0,0,0,0,0,3.84,11.76,27.76,37.28,56.88,60.32,60.48,60.48,48.4,30.96,21.44,14.32,4.88,0,0,0,0,0
2018-07-11,1,433.2,18,57.52,0,57.52,0.16,0,0,0,0,0,0,5.52,11.6,20.96,42.4,51.52,57.52,51.84,53.84,52.72,43.84,29.84,11.44,0.16,0,0,0,0,0
2018-07-12,1,473.2,20,61.36,0,61.36,1.28,0,0,0,0,0,0,2.16,14.4,32.56,42.64,60.88,61.36,57.28,60.96,56,42.8,27.6,13.28,1.28,0,0,0,0,0
2018-07-13,1,468.24,20,62.4,0,62.4,0.8,0,0,0,0,0,0,1.6,14.88,30.64,40.88,55.68,61.6,62.4,61.92,54.8,44.72,26.08,12.24,0.8,0,0,0,0,0
2018-07-14,1,464.24,19,63.12,0,63.12,0.08,0,0,0,0,0,0.08,2.24,14.48,31.2,42.32,51.84,60.4,63.12,59.12,52.56,44.32,29.28,12.88,0.4,0,0,0,0,0
2018-07-15,1,451.84,19,58.64,0,58.64,0.56,0,0,0,0,0,0,2.88,14.24,29.12,42.08,54.24,57.92,57.44,58.64,52.96,39.6,29.52,12.64,0.56,0,0,0,0,0
2018-07-16,1,467.04,19,63.04,0,63.04,0.8,0,0,0,0,0,0,2.8,14,27.2,43.76,58.4,62.8,63.04,56.48,52.96,44,28.24,12.56,0.8,0,0,0,0,0
2018-07-17,1,474.64,20,65.28,0,65.28,0.8,0,0,0,0,0,0,2.56,14.56,29.52,42.48,52.72,63.28,65.28,62.24,55.36,45.12,28.48,12.24,0.8,0,0,0,0,0
2018-07-18,1,459.52,19,61.2,0,61.2,1.6,0,0,0,0,0,0,2.8,14.88,29.92,43.36,53.04,54.96,60.56,61.2,53.76,42.96,27.68,12.8,1.6,0,0,0,0,0
2018-07-19,1,428.4,18,52.64,0,52.64,0.56,0,0,0,0,0,0,2.72,14.16,27.12,41.36,52.64,52.08,52.64,52.4,50.72,42.08,27.68,12.24,0.56,0,0,0,0,0
2018-07-20,1,404,17,51.36,0,51.36,0.72,0,0,0,0,0,0,2.88,14,27.84,38.8,48.08,49.28,51.36,48.8,45.44,38.24,26.56,12,0.72,0,0,0,0,0
2018-07-21,1,440,18,58.16,0,58.16,0.08,0,0,0,0,0,0,1.68,11.44,29.2,42.64,54.4,58.16,56.56,56.96,50.48,41.44,26,10.96,0.08,0,0,0,0,0
2018-07-22,1,338.56,14,52.64,0,52.64,0.4,0,0,0,0,0,0,3.12,14.72,23.2,24.56,34.4,52.64,46.16,30,29.68,43.04,28.88,7.76,0.4,0,0,0,0,0
2018-07-23,1,438.64,18,59.76,0,59.76,0.16,0,0,0,0,0,0,5.36,13.84,27.04,40.96,48.48,55.04,59.04,59.76,52.48,40.96,25.2,10.32,0.16,0,0,0,0,0
2018-07-24,1,436.32,18,59.04,0,59.04,0.16,0,0,0,0,0,0,1.2,12.8,29.28,44.08,53.12,57.2,59.04,53.2,48.56,41.04,25.92,10.72,0.16,0,0,0,0,0
2018-07-25,1,424.48,18,60,0,60,0.4,0,0,0,0,0,0,0.56,3.76,25.6,40.4,49.12,56.24,60,59.84,53.2,39.12,24.8,11.44,0.4,0,0,0,0,0
2018-07-26,1,394.16,16,50.08,0,50.08,1.2,0,0,0,0,0,0,2.4,13.2,27.04,37.6,47.6,49.2,50.08,48.16,46.64,37.28,22.16,11.6,1.2,0,0,0,0,0
2018-07-27,1,377.92,16,53.12,0,53.12,1.68,0,0,0,0,0,0,1.68,13.84,26.4,39.52,51.2,53.12,48.24,50.48,47.68,34.64,8.24,2.88,0,0,0,0,0,0
2018-07-28,1,404.72,17,58.56,0,58.56,0.32,0,0,0,0,0,0,3.36,16.88,28.96,40.4,56.4,58.56,49.52,34,39.04,40.32,26.24,10.72,0.32,0,0,0,0,0
2018-07-29,1,392.48,16,55.84,0,55.84,1.36,0,0,0,0,0,0,1.36,12,26.4,42.56,46.08,54,55.84,42.72,35.68,35.52,26.48,12.32,1.52,0,0,0,0,0
2018-07-30,1,412,17,56.64,0,56.64,0.16,0,0,0,0,0,0,1.2,13.76,29.68,40.16,46.16,50,43.92,56.64,48.56,41.12,29.04,11.6,0.16,0,0,0,0,0
2018-07-31,1,396.88,17,51.2,0,51.2,0.64,0,0,0,0,0,0,0.64,9.6,28,39.76,48.8,51.2,50.48,48.88,44.72,38.56,25.84,10.4,0,0,0,0,0,0
2018-08-01,1,418,17,54.96,0,54.96,2.08,0,0,0,0,0,0,2.08,13.6,27.2,41.6,50.24,54.96,51.52,51.44,49.28,41.12,24.64,10.32,0,0,0,0,0,0
2018-08-02,1,450,19,61.52,0,61.52,0.16,0,0,0,0,0,0,1.44,12.24,27.84,43.04,54.8,60.24,61.52,56.88,53.28,42.72,25.44,10.4,0.16,0,0,0,0,0
2018-08-03,1,439.84,18,58.16,0,58.16,0.16,0,0,0,0,0,0,2.4,14,28.32,41.04,52.72,58.16,57.84,55.36,51.12,40.88,27.04,10.8,0.16,0,0,0,0,0
2018-08-04,1,450.56,19,58.88,0,58.88,0.16,0,0,0,0,0,0,0.8,10.8,29.6,46.08,58.88,57.76,57.76,58.64,50.56,42,26.4,11.12,0.16,0,0,0,0,0
2018-08-05,1,422.4,18,57.68,0,57.68,0.08,0,0,0,0,0,0,1.6,13.6,28.4,44.72,57.68,49.84,51.28,52.8,48.32,39.28,24.48,10.32,0.08,0,0,0,0,0
2018-08-06,1,329.52,14,53.2,0,53.2,0.48,0,0,0,0,0,0,0.48,11.2,26.64,28.08,39.68,47.52,52.24,53.2,48.56,13.28,8.64,0,0,0,0,0,0,0
2018-08-07,1,406.32,17,60.16,0,60.16,0.16,0,0,0,0,0,0,0.72,8.08,26.64,30.48,46.64,54.64,60.16,54,47.12,38.88,27.36,11.44,0.16,0,0,0,0,0
2018-08-08,1,460.16,19,63.2,0,63.2,0.64,0,0,0,0,0,0,1.2,14.08,29.04,42.64,53.92,63.2,62.24,61.2,52.64,40.32,27.2,11.84,0.64,0,0,0,0,0
2018-08-09,1,419.2,17,58.08,0,58.08,0.08,0,0,0,0,0,0,0.08,12.8,28.24,41.12,47.2,44.56,58.08,52.24,51.52,42,27.04,12.72,1.6,0,0,0,0,0
2018-08-10,1,144.88,6,27.68,0,27.68,1.2,0,0,0,0,0,0,3.68,16.24,11.92,1.2,6.72,15.84,3.44,20.72,27.68,20.56,13.76,3.12,0,0,0,0,0,0
2018-08-11,1,379.12,16,54.16,0,54.16,0.16,0,0,0,0,0,0,0.96,17.04,23.36,28.96,46.96,54.16,48.48,47.68,45.84,36,21.44,8.08,0.16,0,0,0,0,0
2018-08-12,1,349.44,15,51.84,0,51.84,0.08,0,0,0,0,0,0,0.96,0.24,8.16,28.88,47.6,46.64,39.76,51.84,49.04,40.56,25.44,10.24,0.08,0,0,0,0,0
2018-08-13,1,424.56,18,59.2,0,59.2,2.48,0,0,0,0,0,0,2.48,10.72,27.2,41.92,50.16,54.96,59.2,56.16,50.24,37.84,23.92,9.76,0,0,0,0,0,0
2018-08-14,1,430,18,54.56,0,54.56,0.48,0,0,0,0,0,0,0.96,12.96,29.04,43.92,52,51.92,49.44,54.56,52.72,44.88,25.76,11.36,0.48,0,0,0,0,0
2018-08-15,1,249.84,10,54.08,0,54.08,0.32,0,0,0,0,0,0,0.72,14,26,38.56,44.08,54.08,17.36,16.24,31.52,5.68,1.28,0.32,0,0,0,0,0,0
2018-08-16,1,76.32,3,11.84,0,11.84,0.48,0,0,0,0,0,0,0,0.48,7.04,6.4,2.96,7.44,4.4,11.84,11.84,7.6,11.12,5.2,0,0,0,0,0,0
2018-08-17,1,527.92,22,73.12,0,73.12,1.28,0,0,0,0,0,0,4,16.72,34.08,54.32,64.32,73.12,68.32,68.8,58,47.52,27.92,9.52,1.28,0,0,0,0,0
2018-08-18,1,489.12,20,69.52,0,69.52,0.4,0,0,0,0,0,0,1.28,8.32,28.88,53.76,69.52,67.12,59.52,61.92,54.16,42.96,29.2,12.08,0.4,0,0,0,0,0
2018-08-19,1,482.96,20,65.84,0,65.84,0.8,0,0,0,0,0,0,1.52,14.32,28.24,50.16,60.16,65.84,60,61.84,55.6,42.56,30.24,11.68,0.8,0,0,0,0,0
2018-08-20,1,460.8,19,65.76,0,65.76,0.4,0,0,0,0,0,0,1.84,14.24,33.28,46.24,46.16,55.04,65.76,62.08,55.44,43.52,26.56,10.24,0.4,0,0,0,0,0
2018-08-21,1,445.52,19,62.96,0,62.96,0.16,0,0,0,0,0,0,1.76,14.48,26.72,41.6,55.92,62.96,58.8,56.16,52.4,40.56,25.12,8.88,0.16,0,0,0,0,0
2018-08-22,1,398.88,17,66.32,0,66.32,1.28,0,0,0,0,0,0,1.28,11.52,23.04,42.96,55.12,66.32,45.52,54.32,54.88,27.92,13.28,2.72,0,0,0,0,0,0
2018-08-23,1,143.76,6,33.44,0,33.44,0.48,0,0,0,0,0,0,0,0.48,13.04,26.08,31.84,33.44,21.76,8.08,5.28,0.88,2.88,0,0,0,0,0,0,0
2018-08-24,1,295.6,12,70.8,0,70.8,0.08,0,0,0,0,0,0,0,0.08,4.64,2.8,14.88,21.44,34.4,70.8,61.52,47.36,27.68,9.04,0.96,0,0,0,0,0
2018-08-25,1,159.6,7,27.6,0,27.6,0.4,0,0,0,0,0,0,0.4,6.96,15.52,21.92,24.56,27.6,15.84,7.76,13.84,14.88,7.28,2.56,0.48,0,0,0,0,0
2018-08-26,1,260.48,11,58.96,0,58.96,1.12,0,0,0,0,0,0,0,0,1.12,5.04,12.32,37.28,53.12,58.96,48.48,30.88,12,1.28,0,0,0,0,0,0
2018-08-27,1,92.8,4,23.36,0,23.36,1.12,0,0,0,0,0,0,1.2,1.2,1.76,5.76,6.72,7.04,8.96,18.32,23.36,10.72,6.64,1.12,0,0,0,0,0,0
2018-08-28,1,420.08,18,66.56,0,66.56,0.16,0,0,0,0,0,0,0.96,7.6,20.88,24.64,51.84,63.36,66.56,55.28,52.4,41.92,25.92,8.56,0.16,0,0,0,0,0
2018-08-29,1,485.28,20,67.52,0,67.52,1.12,0,0,0,0,0,0,1.12,14.16,31.2,48.4,59.92,66.8,67.52,64.24,57.12,43.04,25.68,6.08,0,0,0,0,0,0
2018-08-30,1,373.36,16,61.84,0,61.84,0.4,0,0,0,0,0,0,1.04,13.68,30.24,48,54.88,61.84,23.92,49.68,42.96,23.12,13.68,9.92,0.4,0,0,0,0,0
2018-08-31,1,165.6,7,23.2,0,23.2,0.64,0,0,0,0,0,0,3.12,16.72,17.92,23.2,22.32,14.08,2.32,5.28,18.08,19.52,17.52,4.88,0.64,0,0,0,0,0
2018-09-01,1,141.36,6,31.12,0,31.12,0.16,0,0,0,0,0,0,0,0,0,0.16,2.08,8.08,22.56,31.12,27.68,26.4,17.04,5.92,0.32,0,0,0,0,0
2018-09-02,1,253.84,11,40.24,0,40.24,0.96,0,0,0,0,0,0,0.96,16.64,34.16,40.24,34.16,27.68,36.32,27.44,20.32,13.12,1.52,1.28,0,0,0,0,0,0
2018-09-03,1,179.92,7,32.16,0,32.16,0.48,0,0,0,0,0,0,0,0.48,0,14.56,26.72,32.16,27.44,27.84,21.6,10.96,11.6,6.56,0,0,0,0,0,0
2018-09-04,1,335.52,14,60.16,0,60.16,2.4,0,0,0,0,0,0,0,2.4,9.2,42.88,33.36,15.04,39.44,58.24,60.16,45.36,25.44,4,0,0,0,0,0,0
2018-09-05,1,524.32,22,73.2,0,73.2,1.84,0,0,0,0,0,0,1.84,15.2,33.92,54.96,69.12,73.2,71.6,66.8,56.24,47.6,26.64,7.2,0,0,0,0,0,0
2018-09-06,1,203.92,8,34,0,34,1.12,0,0,0,0,0,0,1.2,4,8.24,20.72,30.32,29.76,24.88,34,31.36,13.52,4.8,1.12,0,0,0,0,0,0
2018-09-07,1,146.24,6,40.32,0,40.32,0.08,0,0,0,0,0,0,0,0.08,1.44,2.72,7.6,11.12,27.68,36.56,40.32,15.84,2.48,0.4,0,0,0,0,0,0
2018-09-08,1,167.68,7,32.64,0,32.64,0.24,0,0,0,0,0,0,0.24,3.2,6.72,18.88,21.2,32.64,27.2,28.16,14.88,6,7.04,1.52,0,0,0,0,0,0
2018-09-09,1,291.84,12,48.48,0,48.48,0.16,0,0,0,0,0,0,0.16,4.48,20.64,25.36,24.24,26.96,48.48,45.68,38,24,26.88,5.92,1.04,0,0,0,0,0
2018-09-10,1,480.48,20,71.76,0,71.76,0.16,0,0,0,0,0,0,1.28,11.68,30.56,41.28,53.2,71.76,70.24,64.16,58.4,45.76,26.8,5.2,0.16,0,0,0,0,0
2018-09-11,1,448.32,19,75.2,0,75.2,0.24,0,0,0,0,0,0,1.12,14,25.44,50.88,69.2,75.2,55.44,62.88,33.6,31.6,23.6,5.12,0.24,0,0,0,0,0
2018-09-12,1,376,16,60,0,60,0.48,0,0,0,0,0,0,0.48,10,16.56,44.96,36.72,60,52.32,46,50.96,33.12,19.12,5.76,0,0,0,0,0,0
2018-09-13,1,79.28,3,16.56,0,16.56,0.8,0,0,0,0,0,0,0,0.8,6,13.6,11.84,3.36,4.08,16.56,14.32,4.24,3.2,1.28,0,0,0,0,0,0
2018-09-14,1,93.2,4,20.72,0,20.72,0.64,0,0,0,0,0,0,0,0.64,4.64,2.8,2.32,3.04,9.12,17.84,17.04,20.72,13.76,1.28,0,0,0,0,0,0
2018-09-15,1,189.84,8,39.36,0,39.36,0.72,0,0,0,0,0,0,0,0.72,16.64,28.32,31.2,39.36,37.6,18.88,4.96,4.64,5.36,2.16,0,0,0,0,0,0
2018-09-16,1,429.2,18,64.16,0,64.16,1.2,0,0,0,0,0,0,1.2,7.28,21.76,44.56,60.56,64.16,61.36,55.76,54.24,37.52,18,2.8,0,0,0,0,0,0
2018-09-17,1,346.08,14,50.64,0,50.64,0.08,0,0,0,0,0,0,0.32,8.16,15.68,36.48,50.64,47.68,50.56,36.4,41.36,32.08,20.24,6.4,0.08,0,0,0,0,0
2018-09-18,1,475.2,20,71.44,0,71.44,0.88,0,0,0,0,0,0,0.88,12.8,32.64,49.04,60.88,63.76,71.44,66.08,56.24,38.96,18.88,3.6,0,0,0,0,0,0
2018-09-19,1,274.8,11,43.92,0,43.92,0.72,0,0,0,0,0,0,0.72,13.12,33.68,40.88,43.92,20.16,38.48,42.32,24.08,11.92,4.64,0.88,0,0,0,0,0,0
2018-09-20,1,122.4,5,31.52,0,31.52,0.72,0,0,0,0,0,0,0,0.72,4.96,7.6,13.28,13.92,15.12,17.84,31.52,13.84,2.8,0.8,0,0,0,0,0,0
2018-09-21,1,37.68,2,8,0,8,0.48,0,0,0,0,0,0,0,1.12,4.24,8,6.88,5.04,2.08,2.64,3.36,2.08,1.76,0.48,0,0,0,0,0,0
2018-09-22,1,435.84,18,67.44,0,67.44,1.12,0,0,0,0,0,0,1.12,12,24.64,52.96,67.44,62.88,50.4,54.8,52.16,36.24,18.56,2.64,0,0,0,0,0,0
2018-09-23,1,369.04,15,62.64,0,62.64,0.72,0,0,0,0,0,0,0.72,8.24,18.56,32.72,43.76,42.8,59.28,62.64,56.16,30.64,11.92,1.6,0,0,0,0,0,0
2018-09-24,1,258.08,11,43.68,0,43.68,0.16,0,0,0,0,0,0,0.16,4.48,14.56,25.28,39.84,43.68,38.16,35.76,24,20,10.24,1.92,0,0,0,0,0,0
2018-09-25,1,518,22,74.32,0,74.32,0.64,0,0,0,0,0,0,0.64,16.32,38,58,70,74.32,63.68,65.92,57.6,44.56,24.16,4.8,0,0,0,0,0,0
2018-09-26,1,301.36,13,60.72,0,60.72,3.76,0,0,0,0,0,0,0,3.76,9.04,21.2,24.88,28.4,60.72,41.84,54.08,40.16,13.52,3.76,0,0,0,0,0,0
2018-09-27,1,388.64,16,55.6,0,55.6,0.32,0,0,0,0,0,0,0.32,15.2,37.2,52.4,50.4,32,43.6,55.6,47.92,38.4,13.68,1.92,0,0,0,0,0,0
2018-09-28,1,420.96,18,68.08,0,68.08,0.32,0,0,0,0,0,0,0.32,13.52,16.08,43.92,37.28,64.56,68.08,64.4,59.68,37.2,13.68,2.24,0,0,0,0,0,0
2018-09-29,1,24.08,1,5.36,0,5.36,0.24,0,0,0,0,0,0,0,0.24,2.16,5.36,4.48,2.32,2.08,2.16,2.08,1.68,1.52,0,0,0,0,0,0,0
2018-09-30,1,283.44,12,59.68,0,59.68,0.8,0,0,0,0,0,0,0,0.8,6.56,8.64,17.92,22.16,41.12,58.32,59.68,44.64,20.56,3.04,0,0,0,0,0,0
2018-10-01,1,524.48,22,79.28,0,79.28,0.08,0,0,0,0,0,0,0.08,13.28,38.08,60.96,79.28,73.28,73.12,77.52,50.96,35.52,19.44,2.96,0,0,0,0,0,0
2018-10-02,1,492.32,21,71.6,0,71.6,0.64,0,0,0,0,0,0,0.64,12.96,33.6,52.48,66,59.84,71.6,68,60.24,43.28,20.64,3.04,0,0,0,0,0,0
2018-10-03,1,527.2,22,82,0,82,0.4,0,0,0,0,0,0,0.4,9.6,34.88,57.04,76.48,82,76.32,68.4,58.96,40.64,19.36,3.12,0,0,0,0,0,0
2018-10-04,1,342.8,14,71.76,0,71.76,0.24,0,0,0,0,0,0,1.2,15.36,31.44,39.04,48.16,71.76,54,39.84,22.8,12.56,6.4,0.24,0,0,0,0,0,0
2018-10-05,1,68.64,3,14,0,14,0.4,0,0,0,0,0,0,0,0,1.12,3.52,10.08,11.36,9.28,5.52,14,11.04,2.32,0.4,0,0,0,0,0,0
2018-10-06,1,110.24,5,53.76,0,53.76,0.08,0,0,0,0,0,0,0,0,0,0,0,0.64,3.6,18.72,53.76,30.88,2.56,0.08,0,0,0,0,0,0
2018-10-07,1,479.28,20,72.4,0,72.4,1.84,0,0,0,0,0,0,0,7.76,24.88,53.44,68.88,69.36,72.4,67.12,56.72,38.72,18.16,1.84,0,0,0,0,0,0
2018-10-08,1,501.84,21,73.68,0,73.68,0.56,0,0,0,0,0,0,0.56,13.2,38.72,59.52,70.64,73.68,68.72,64.72,54.8,38.32,17.36,1.6,0,0,0,0,0,0
2018-10-09,1,233.12,10,37.28,0,37.28,0.32,0,0,0,0,0,0,0.32,16.16,23.92,31.28,37.28,29.44,31.36,20,20.48,18.16,4.4,0.32,0,0,0,0,0,0
2018-10-10,1,233.76,10,47.6,0,47.6,1.2,0,0,0,0,0,0,0,2.88,10.48,20.96,24.88,47.6,38.8,33.2,27.68,18.96,7.12,1.2,0,0,0,0,0,0
2018-10-11,1,376.08,16,87.12,0,87.12,0.16,0,0,0,0,0,0,0.16,3.92,8,25.92,67.04,87.12,19.52,69.52,46.48,30.16,16.48,1.76,0,0,0,0,0,0
2018-10-12,1,557.12,23,83.36,0,83.36,0.16,0,0,0,0,0,0,0.16,13.36,42.08,67.28,81.68,83.36,80.16,72.72,59.68,35.2,18.16,3.28,0,0,0,0,0,0
2018-10-13,1,301.28,13,72,0,72,0.08,0,0,0,0,0,0,0.08,3.6,12.4,48.16,72,43.44,25.84,31.6,25.28,21.2,16.4,1.28,0,0,0,0,0,0
2018-10-14,1,453.92,19,74.8,0,74.8,0.16,0,0,0,0,0,0,0.16,12.16,25.84,56.96,70.72,74.8,69.44,51.04,47.68,28,15.76,1.36,0,0,0,0,0,0
2018-10-15,1,484.48,20,79.68,0,79.68,0.08,0,0,0,0,0,0,0.08,8.4,37.6,59.84,74.48,79.68,77.12,60,38.32,34.24,13.44,1.28,0,0,0,0,0,0
2018-10-16,1,184.64,8,36.96,0,36.96,0.32,0,0,0,0,0,0,0.32,9.68,18.72,18.48,30.4,26.56,36.96,23.04,7.12,9.76,3.12,0.48,0,0,0,0,0,0
2018-10-17,1,450.56,19,72.24,0,72.24,0.16,0,0,0,0,0,0,0.16,8.16,31.2,51.92,64.64,72.24,71.52,62.32,48.96,27.44,11.12,0.88,0,0,0,0,0,0
2018-10-18,1,469.36,20,80.16,0,80.16,0.16,0,0,0,0,0,0,0.16,8.72,32.16,52.56,68,80.16,52.88,69.68,54.08,34.96,14.8,1.2,0,0,0,0,0,0
2018-10-19,1,492.32,21,84.48,0,84.48,0.08,0,0,0,0,0,0,0.08,9.68,39.36,63.36,79.68,84.48,80.4,67.12,29.84,23.44,14.48,0.4,0,0,0,0,0,0
2018-10-20,1,499.12,21,76.08,0,76.08,0.16,0,0,0,0,0,0,0.16,9.6,37.84,57.6,71.92,76.08,76.08,67.76,53.04,35.36,13.12,0.56,0,0,0,0,0,0
2018-10-21,1,500.8,21,76.8,0,76.8,0.16,0,0,0,0,0,0,0.16,9.04,37.76,56,70.72,75.84,76.8,68.88,54.56,36,14.4,0.64,0,0,0,0,0,0
2018-10-22,1,315.44,13,65.68,0,65.68,0.08,0,0,0,0,0,0,0.08,4.56,20.16,36.16,26.72,65.68,49.52,53.52,24.72,19.44,14.48,0.4,0,0,0,0,0,0
2018-10-23,1,331.2,14,66.96,0,66.96,0.4,0,0,0,0,0,0,0,5.12,19.92,34.64,66.96,27.28,26.56,63.92,46,27.76,12.64,0.4,0,0,0,0,0,0
2018-10-24,1,510.32,21,81.76,0,81.76,0.08,0,0,0,0,0,0,0.08,7.44,38.24,61.2,78.08,81.76,73.52,67.92,53.6,34.4,13.36,0.72,0,0,0,0,0,0
2018-10-25,1,473.36,20,73.12,0,73.12,0.4,0,0,0,0,0,0,0,7.2,35.6,55.12,68.4,71.6,73.12,66.4,50.72,33.36,11.44,0.4,0,0,0,0,0,0
2018-10-26,1,64,3,21.36,0,21.36,0.08,0,0,0,0,0,0,0,0.24,4.08,9.12,21.36,16.8,6.72,2.96,1.68,0.96,0,0.08,0,0,0,0,0,0
2018-10-27,1,324.8,14,56.96,0,56.96,0.08,0,0,0,0,0,0,0.08,6.8,32.08,41.28,56.96,44.4,24.96,56.16,13.36,32.08,16.24,0.4,0,0,0,0,0,0
2018-10-28,1,496.64,21,85.68,0,85.68,0.08,0,0,0,0,0,0,0.08,6.56,40.4,62,78.32,85.68,75.2,65.68,38.32,30.96,13.04,0.4,0,0,0,0,0,0
2018-10-29,1,359.04,15,73.92,0,73.92,0.4,0,0,0,0,0,0,0,5.44,35.68,57.84,73.92,64.08,9.12,50.08,23.6,34,4.88,0.4,0,0,0,0,0,0
2018-10-30,1,572.48,24,92.32,0,92.32,0.4,0,0,0,0,0,0,0,6.24,40.24,68.48,85.68,92.32,87.84,77.36,61.04,38.96,13.92,0.4,0,0,0,0,0,0
2018-10-31,1,498.72,21,87.6,0,87.6,0.4,0,0,0,0,0,0,0,4.32,38.32,63.28,80.64,87.6,83.92,73.2,39.28,19.28,8.48,0.4,0,0,0,0,0,0
2018-11-01,1,514.88,21,85.68,0,85.68,0.24,0,0,0,0,0,0,0,4.88,36.8,61.52,77.52,85.68,80.08,71.28,52.72,33.04,11.12,0.24,0,0,0,0,0,0
2018-11-02,1,484.8,20,77.84,0,77.84,0.24,0,0,0,0,0,0,0,4.72,35.68,57.68,71.84,77.84,68,67.92,54.16,34.88,11.84,0.24,0,0,0,0,0,0
2018-11-03,1,460.64,19,72.64,0,72.64,0.16,0,0,0,0,0,0,0,4.16,33.76,55.84,70.88,72.64,72.32,66.24,51.52,21.84,11.28,0.16,0,0,0,0,0,0
2018-11-04,1,487.36,20,80.96,0,80.96,0.16,0,0,0,0,0,0,0,4,33.52,59.04,73.44,80.96,79.52,65.84,49.52,31.68,9.68,0.16,0,0,0,0,0,0
2018-11-05,1,449.92,19,74.88,0,74.88,0.08,0,0,0,0,0,0,0,3.76,30,51.44,65.76,74.88,74.16,64.32,49.36,27.68,8.48,0.08,0,0,0,0,0,0
2018-11-06,1,430.96,18,71.2,0,71.2,0.16,0,0,0,0,0,0,0,3.44,27.76,50.16,64.24,70.4,71.2,63.68,47.6,26.16,6.16,0.16,0,0,0,0,0,0
2018-11-07,1,150.24,6,30.48,0,30.48,0.08,0,0,0,0,0,0,0,2.24,10.4,12,15.36,29.04,30.48,23.2,13.2,10,4.24,0.08,0,0,0,0,0,0
2018-11-08,1,13.12,1,4.64,0,4.64,0.08,0,0,0,0,0,0,0,0.16,2.8,4.64,3.28,1.44,0.56,0.08,0,0.16,0,0,0,0,0,0,0,0
2018-11-09,1,388.64,16,72.48,0,72.48,0.08,0,0,0,0,0,0,0,3.52,24.4,53.44,52.4,27.28,72.48,65.92,49.28,31.84,8,0.08,0,0,0,0,0,0
2018-11-10,1,460.32,19,75.52,0,75.52,0.08,0,0,0,0,0,0,0,2.96,27.6,54.08,66.88,74.72,75.52,66.4,50.32,32.24,9.52,0.08,0,0,0,0,0,0
2018-11-11,1,329.84,14,67.68,0,67.68,0.8,0,0,0,0,0,0,0,4.88,20.88,47.12,63.28,67.68,66.72,35.84,17.68,4.96,0.8,0,0,0,0,0,0,0
2018-11-12,1,106.32,4,27.76,0,27.76,1.28,0,0,0,0,0,0,0,0,3.52,5.28,14.24,27.76,23.6,12.8,9.44,8.4,1.28,0,0,0,0,0,0,0
2018-11-13,1,248.16,10,48.16,0,48.16,2.96,0,0,0,0,0,0,0,2.96,16.88,23.44,31.36,43.92,31.36,48.16,29.04,13.92,7.12,0,0,0,0,0,0,0
2018-11-14,1,374.88,16,73.2,0,73.2,2.4,0,0,0,0,0,0,0,2.4,25.76,56.16,69.84,73.2,69.52,44,18,12.32,3.68,0,0,0,0,0,0,0
2018-11-15,1,423.12,18,72.48,0,72.48,0.08,0,0,0,0,0,0,0,2.08,24.16,53.44,67.2,72.48,72.4,51.2,44.16,28.16,7.76,0.08,0,0,0,0,0,0
2018-11-16,1,107.68,4,23.84,0,23.84,0.56,0,0,0,0,0,0,0,0.56,4.32,10.8,16.88,23.84,20.48,16.48,9.68,3.68,0.96,0,0,0,0,0,0,0
2018-11-17,1,425.84,18,72.72,0,72.72,0.08,0,0,0,0,0,0,0,2.24,22.4,55.52,68.96,72.72,68.88,59.2,43.52,25.84,6.48,0.08,0,0,0,0,0,0
2018-11-18,1,122.48,5,25.92,0,25.92,0.72,0,0,0,0,0,0,0,0.72,4.24,10.8,20.16,25.92,24.72,10.48,7.84,14.96,2.64,0,0,0,0,0,0,0
2018-11-19,1,418.96,17,80.88,0,80.88,0.08,0,0,0,0,0,0,0,2.96,11.84,40.64,70.64,80.88,68.56,63.84,44.56,28.48,6.48,0.08,0,0,0,0,0,0
2018-11-20,1,470.08,20,80.88,0,80.88,1.84,0,0,0,0,0,0,0,1.84,20.96,58.4,74.24,80.88,76.08,67.52,51.36,30.96,7.84,0,0,0,0,0,0,0
2018-11-21,1,133.44,6,24.4,0,24.4,1.44,0,0,0,0,0,0,0,1.44,13.04,21.28,24.4,20.08,18.32,14.16,13.28,6,1.44,0,0,0,0,0,0,0
2018-11-22,1,518.56,22,90.64,0,90.64,3.2,0,0,0,0,0,0,0,3.2,19.84,59.6,78.16,90.64,86.08,74.24,60.16,36.64,10,0,0,0,0,0,0,0
2018-11-23,1,463.28,19,82.32,0,82.32,3.2,0,0,0,0,0,0,0,3.2,16.32,52.4,63.68,69.52,82.32,73.6,57.76,35.6,8.88,0,0,0,0,0,0,0
2018-11-24,1,110.88,5,32.8,0,32.8,0.72,0,0,0,0,0,0,0,1.68,15.44,18.64,32.8,22.16,1.04,0.72,4.64,8.08,5.68,0,0,0,0,0,0,0
2018-11-25,1,392.96,16,75.44,0,75.44,1.52,0,0,0,0,0,0,0,1.52,9.68,47.04,62,75.44,64.32,59.6,40.64,25.52,7.2,0,0,0,0,0,0,0
2018-11-26,1,381.68,16,72.96,0,72.96,0.8,0,0,0,0,0,0,0,0.8,5.6,38.64,65.52,72.96,67.12,58.48,46.56,21.92,4.08,0,0,0,0,0,0,0
2018-11-27,1,429.04,18,76.88,0,76.88,1.36,0,0,0,0,0,0,0,1.36,11.52,47.84,65.84,76.88,73.44,64.72,49.68,30.64,7.12,0,0,0,0,0,0,0
2018-11-28,1,370,15,69.04,0,69.04,1.52,0,0,0,0,0,0,0,1.52,12.88,45.12,62.48,69.04,66.56,58.4,35.68,13.12,5.2,0,0,0,0,0,0,0
2018-11-29,1,372.24,16,67.6,0,67.6,1.44,0,0,0,0,0,0,0,1.44,9.04,42.24,60.16,67.6,64.96,55.52,43.12,23.52,4.64,0,0,0,0,0,0,0
2018-11-30,1,376.24,16,68,0,68,1.44,0,0,0,0,0,0,0,1.44,11.44,36.72,56.4,67.52,68,61.12,44.24,25.28,4.08,0,0,0,0,0,0,0
2018-12-01,1,203.2,8,40.4,0,40.4,0.4,0,0,0,0,0,0,0,0.4,8.72,21.28,33.36,28.08,30,40.4,27.68,10.4,2.88,0,0,0,0,0,0,0
2018-12-02,1,358.32,15,64.64,0,64.64,1.68,0,0,0,0,0,0,0,1.68,13.36,33.68,55.84,60.24,64.64,56.88,43.76,24.8,3.44,0,0,0,0,0,0,0
2018-12-03,1,64.56,3,13.6,0,13.6,0.08,0,0,0,0,0,0,0,0,2.24,8.24,12.4,12.16,7.28,5.76,13.6,2.8,0.08,0,0,0,0,0,0,0
2018-12-04,1,77.52,3,24.32,0,24.32,1.92,0,0,0,0,0,0,0,0,0,7.6,24.32,14.64,11.76,6.08,8.08,3.12,1.92,0,0,0,0,0,0,0
2018-12-05,1,411.36,17,73.04,0,73.04,0.88,0,0,0,0,0,0,0,0.88,10.88,45.2,65.92,73.04,71.04,62.08,48.4,28.48,5.44,0,0,0,0,0,0,0
2018-12-06,1,104.32,4,20,0,20,0.4,0,0,0,0,0,0,0,0,0.4,10.96,13.12,14.32,13.44,20,14,14.72,3.36,0,0,0,0,0,0,0
2018-12-07,1,223.44,9,36.72,0,36.72,0.4,0,0,0,0,0,0,0,0.4,7.84,23.28,34.48,28.32,36.72,34.64,35.2,19.44,3.12,0,0,0,0,0,0,0
2018-12-08,1,465.04,19,84.4,0,84.4,0.72,0,0,0,0,0,0,0,0.72,9.76,50.88,74.64,84.4,78.64,73.44,57.04,34.24,1.28,0,0,0,0,0,0,0
2018-12-09,1,470,20,86.48,0,86.48,0.56,0,0,0,0,0,0,0,0.56,11.28,36.32,66.96,82.08,86.48,77.44,61.52,38.64,8.72,0,0,0,0,0,0,0
2018-12-10,1,439.6,18,77.92,0,77.92,0.24,0,0,0,0,0,0,0,0.24,6.48,47.52,66.72,77.92,76.8,69.04,53.6,33.28,8,0,0,0,0,0,0,0
2018-12-11,1,66.32,3,22,0,22,0.08,0,0,0,0,0,0,0,0,0.72,3.44,5.04,11.2,22,11.76,8.4,3.68,0.08,0,0,0,0,0,0,0
2018-12-12,1,450.64,19,79.12,0,79.12,0.48,0,0,0,0,0,0,0,0.48,6.8,42,70,79.12,78,72.64,57.04,35.44,9.12,0,0,0,0,0,0,0
2018-12-13,1,436.64,18,78,0,78,0.4,0,0,0,0,0,0,0,0.4,6.16,44.4,70.16,78,77.6,70.88,55.12,28.16,5.76,0,0,0,0,0,0,0
2018-12-14,1,459.12,19,81.92,0,81.92,0.4,0,0,0,0,0,0,0,0.4,5.52,38.88,68.08,79.12,81.92,76.72,60.32,38,10.16,0,0,0,0,0,0,0
2018-12-15,1,414.8,17,75.12,0,75.12,0.08,0,0,0,0,0,0,0,0.32,5.92,41.6,68.24,75.12,71.28,67.44,54.08,21.76,8.96,0.08,0,0,0,0,0,0
2018-12-16,1,54.56,2,9.36,0,9.36,0.16,0,0,0,0,0,0,0,0.16,4.48,9.36,4.64,8.96,6.88,8.32,4.88,4.56,2.32,0,0,0,0,0,0,0
2018-12-17,1,316.08,13,62.88,0,62.88,0.48,0,0,0,0,0,0,0,0.48,8,29.04,50,55.52,62.88,60.16,18.96,23.44,7.6,0,0,0,0,0,0,0
2018-12-18,1,402.64,17,76.48,0,76.48,0.08,0,0,0,0,0,0,0,0.4,7.04,40.96,69.04,76.48,69.68,54.96,46.64,34.48,2.88,0.08,0,0,0,0,0,0
2018-12-19,1,354.64,15,69.6,0,69.6,0.16,0,0,0,0,0,0,0,0.16,7.76,30.8,56.56,69.52,69.6,60.24,31.52,22,6.48,0,0,0,0,0,0,0
2018-12-20,1,77.44,3,14.4,0,14.4,0.08,0,0,0,0,0,0,0,0.08,2,6.48,12,14.4,13.52,10.96,9.68,6,2.32,0,0,0,0,0,0,0
2018-12-21,1,237.04,10,59.04,0,59.04,0.32,0,0,0,0,0,0,0,0.32,6.88,14.64,46,59.04,34.48,37.92,25.76,9.6,2.4,0,0,0,0,0,0,0
2018-12-22,1,357.92,15,68.64,0,68.64,0.16,0,0,0,0,0,0,0,0.16,6.08,34.72,61.36,68.64,65.12,58.08,43.92,18,1.84,0,0,0,0,0,0,0
2018-12-23,1,294.8,12,72.8,0,72.8,0.08,0,0,0,0,0,0,0,0,1.28,7.04,10.88,32.96,72.8,69.28,55.28,35.44,9.76,0.08,0,0,0,0,0,0
2018-12-24,1,453.68,19,82.88,0,82.88,0.08,0,0,0,0,0,0,0,0.24,6.24,41.44,73.12,82.88,58.48,76.48,61.68,40.72,12.32,0.08,0,0,0,0,0,0
2018-12-25,1,381.76,16,72.16,0,72.16,0.8,0,0,0,0,0,0,0,0.8,7.36,37.12,66.88,72.16,67.44,65.12,30.48,30.56,3.84,0,0,0,0,0,0,0
2018-12-26,1,303.12,13,62.16,0,62.16,0.08,0,0,0,0,0,0,0,0,3.44,22.24,51.92,62.16,48.08,52.48,37.12,20.88,4.72,0.08,0,0,0,0,0,0
2018-12-27,1,456.96,19,78.24,0,78.24,0.16,0,0,0,0,0,0,0,0.24,5.04,38.64,73.68,74.88,69.12,78.24,63.44,41.04,12.48,0.16,0,0,0,0,0,0
2018-12-28,1,424.24,18,80.08,0,80.08,0.08,0,0,0,0,0,0,0,0.16,5.76,39.6,72.96,46,59.04,80.08,64.88,42.24,13.44,0.08,0,0,0,0,0,0
2018-12-29,1,472.96,20,87.44,0,87.44,0.16,0,0,0,0,0,0,0,0.16,5.2,39.84,74.88,87.44,61.6,80.48,65.36,43.6,14.4,0,0,0,0,0,0,0
2018-12-30,1,437.44,18,84.16,0,84.16,0.08,0,0,0,0,0,0,0,0.16,5.04,38.48,74.4,84.16,59.2,76.4,60,36.24,3.28,0.08,0,0,0,0,0,0
2018-12-31,1,460.8,19,82.08,0,82.08,0.16,0,0,0,0,0,0,0,0.16,5.68,36.32,69.12,80.64,82.08,75.52,60.64,38.4,12.08,0.16,0,0,0,0,0,0
2019-01-01,1,460.8,19,82.08,0,82.08,0.16,0,0,0,0,0,0,0,0.16,5.68,36.32,69.12,80.64,82.08,75.52,60.64,38.4,12.08,0.16,0,0,0,0,0,0
2019-01-02,1,471.52,20,83.04,0,83.04,0.08,0,0,0,0,0,0,0,0.08,5.6,37.36,69.92,82.48,83.04,76.24,61.52,41.04,14.08,0.16,0,0,0,0,0,0
2019-01-03,1,476.96,20,84.64,0,84.64,0.08,0,0,0,0,0,0,0,0.08,4.88,37.52,72.48,84.24,84.64,75.84,61.36,41.36,14.48,0.08,0,0,0,0,0,0
2019-01-04,1,240.56,10,69.52,0,69.52,0.08,0,0,0,0,0,0,0,0.16,6.16,38.64,54.08,69.52,21.12,21.92,20.32,6.4,2.16,0.08,0,0,0,0,0,0
2019-01-05,1,297.6,12,54,0,54,0.24,0,0,0,0,0,0,0,0,5.36,17.92,30.8,49.84,40.56,50.64,54,36.08,12.16,0.24,0,0,0,0,0,0
2019-01-06,1,343.68,14,70.4,0,70.4,0.16,0,0,0,0,0,0,0,0.16,4.72,12.24,47.76,65.92,46.16,70.4,43.44,39.6,13.12,0.16,0,0,0,0,0,0
2019-01-07,1,404.32,17,70.56,0,70.56,0.32,0,0,0,0,0,0,0,0.32,7.04,35.28,58.96,69.04,70.56,63.68,54.56,34,10.48,0.4,0,0,0,0,0,0
2019-01-08,1,421.92,18,77.6,0,77.6,0.24,0,0,0,0,0,0,0,0.24,6.48,34.4,61.76,75.2,77.6,72.08,49.6,32.08,12.16,0.32,0,0,0,0,0,0
2019-01-09,1,351.84,15,79.04,0,79.04,0.32,0,0,0,0,0,0,0,0.32,8.96,36.24,65.84,79.04,69.52,33.28,34.56,15.52,8.24,0.32,0,0,0,0,0,0
2019-01-10,1,385.04,16,79.2,0,79.2,0.24,0,0,0,0,0,0,0,0,3.76,16.48,34.24,62.8,79.2,73.36,60.16,39.6,15.2,0.24,0,0,0,0,0,0
2019-01-11,1,323.76,13,71.36,0,71.36,0.32,0,0,0,0,0,0,0,0.32,8.96,21.52,27.28,65.84,71.36,48.8,43.36,24.4,11.52,0.4,0,0,0,0,0,0
2019-01-12,1,91.76,4,27.92,0,27.92,0.32,0,0,0,0,0,0,0,0,0.32,2.8,5.2,14.48,27.92,17.04,13.68,6.32,3.6,0.4,0,0,0,0,0,0
2019-01-13,1,352.8,15,69.12,0,69.12,0.24,0,0,0,0,0,0,0,0.24,4.4,27.12,55.68,56.72,48,69.12,57.04,29.68,4.16,0.64,0,0,0,0,0,0
2019-01-14,1,427.68,18,77.04,0,77.04,0.16,0,0,0,0,0,0,0,0.16,6.56,38,65.2,76.16,77.04,67.12,52.08,36.8,8.32,0.24,0,0,0,0,0,0
2019-01-15,1,358.72,15,69.04,0,69.04,0.08,0,0,0,0,0,0,0,0.08,6.8,24.96,49.76,64.64,69.04,59.84,42.96,27.6,12.56,0.48,0,0,0,0,0,0
2019-01-16,1,513.68,21,89.44,0,89.44,0.24,0,0,0,0,0,0,0,0.24,7.84,42.64,70.88,85.52,89.44,82.64,68,46.32,19.76,0.4,0,0,0,0,0,0
2019-01-17,1,495.92,21,87.28,0,87.28,0.16,0,0,0,0,0,0,0,0.16,5.28,41.92,70.24,84.64,87.28,80.72,63.28,43.84,18.08,0.48,0,0,0,0,0,0
2019-01-18,1,493.28,21,85.44,0,85.44,0.24,0,0,0,0,0,0,0,0.24,7.2,44.88,70.56,82.16,85.44,79.28,62.32,41.36,19.36,0.48,0,0,0,0,0,0
2019-01-19,1,320.08,13,78.72,0,78.72,0.16,0,0,0,0,0,0,0,0.16,7.68,36.8,63.12,77.36,78.72,45.04,5.2,4.8,1.2,0,0,0,0,0,0,0
2019-01-20,1,461.12,19,82.24,0,82.24,0.16,0,0,0,0,0,0,0,0.16,7.2,38.72,62.8,77.68,82.24,72.96,58.88,42.32,17.36,0.8,0,0,0,0,0,0
2019-01-21,1,522.64,22,87.92,0,87.92,0.16,0,0,0,0,0,0,0,0.16,8.56,47.44,73.6,85.2,87.92,82.08,68.16,47.44,21.36,0.72,0,0,0,0,0,0
2019-01-22,1,498.48,21,85.04,0,85.04,0.24,0,0,0,0,0,0,0,0.24,6.08,44.88,70.8,83.76,85.04,77.76,64.56,44.48,20.08,0.8,0,0,0,0,0,0
2019-01-23,1,442.16,18,78.16,0,78.16,0.4,0,0,0,0,0,0,0,0.4,8,37.12,61.12,73.44,78.16,72.56,58,37.6,14.64,1.12,0,0,0,0,0,0
2019-01-24,1,479.44,20,82.96,0,82.96,0.32,0,0,0,0,0,0,0,0.32,8.24,42.24,65.52,79.68,82.96,74.16,61.36,44.56,19.36,1.04,0,0,0,0,0,0
2019-01-25,1,280.96,12,74.8,0,74.8,0.08,0,0,0,0,0,0,0,0.08,6.88,26.96,24.72,67.2,74.8,34.8,15.68,16.08,12.4,1.36,0,0,0,0,0,0
2019-01-26,1,556,23,90.56,0,90.56,0.32,0,0,0,0,0,0,0,0.32,7.2,52.4,76.64,89.68,90.56,86.72,73.84,51.76,24.96,1.92,0,0,0,0,0,0
2019-01-27,1,533.92,22,87.6,0,87.6,0.32,0,0,0,0,0,0,0,0.32,6.48,52.4,75.12,87.6,80.24,84.08,71.04,50.32,24.32,2,0,0,0,0,0,0
2019-01-28,1,443.68,18,80,0,80,0.16,0,0,0,0,0,0,0,0.16,4.96,41.2,67.52,58.56,80,71.6,60,40.4,18.16,1.12,0,0,0,0,0,0
2019-01-29,1,494.32,21,82,0,82,0.56,0,0,0,0,0,0,0,0.56,10,46.56,67.76,82,82,74.48,63.04,44.8,21.36,1.76,0,0,0,0,0,0
2019-01-30,1,437.92,18,83.28,0,83.28,0.24,0,0,0,0,0,0,0,0.24,11.12,43.52,58.88,67.36,83.28,74.8,62.32,25.36,10.08,0.96,0,0,0,0,0,0
2019-01-31,1,43.2,2,13.92,0,13.92,0.08,0,0,0,0,0,0,0,0,0.08,1.52,3.28,3.2,3.52,4.32,4.56,6,13.92,2.8,0,0,0,0,0,0
2019-02-01,1,576.24,24,93.76,0,93.76,0.56,0,0,0,0,0,0,0,0.56,10.64,54.16,78.48,91.68,93.76,89.68,75.28,53.28,26.16,2.56,0,0,0,0,0,0
2019-02-02,1,542.32,23,89.52,0,89.52,0.56,0,0,0,0,0,0,0,0.56,13.76,52.48,73.6,87.84,89.52,83.84,68.16,48,22.56,2,0,0,0,0,0,0
2019-02-03,1,53.68,2,12.64,0,12.64,0.32,0,0,0,0,0,0,0,0,0,0.48,3.2,10.72,11.12,12.64,8.64,2.8,3.76,0.32,0,0,0,0,0,0
2019-02-04,1,538.32,22,88.56,0,88.56,0.64,0,0,0,0,0,0,0,0.64,14.24,50.88,71.84,86.16,88.56,83.52,68.8,46.48,23.28,3.92,0,0,0,0,0,0
2019-02-05,1,506.56,21,76.8,0,76.8,0.8,0,0,0,0,0,0,0,0.8,14.4,49.84,69.68,76.32,76.8,75.84,65.6,49.44,25.2,2.64,0,0,0,0,0,0
2019-02-06,1,496.8,21,84.48,0,84.48,0.96,0,0,0,0,0,0,0,0.96,12.24,50.08,69.76,84.48,73.36,76.8,64.88,43.68,18.16,2.4,0,0,0,0,0,0
2019-02-07,1,236.08,10,63.92,0,63.92,0.08,0,0,0,0,0,0,0,0,0.08,11.36,42.16,63.92,42.72,32.8,19.92,13.6,6.8,2.72,0,0,0,0,0,0
2019-02-08,1,464.4,19,87.2,0,87.2,0.16,0,0,0,0,0,0,0,0.16,7.2,21.44,56.88,70.48,87.2,81.76,66,46.64,23.6,3.04,0,0,0,0,0,0
2019-02-09,1,483.52,20,85.76,0,85.76,0.16,0,0,0,0,0,0,0,0.16,11.92,32.08,65.68,85.76,80.08,64.88,64.48,50.8,24.64,3.04,0,0,0,0,0,0
2019-02-10,1,304.88,13,60.88,0,60.88,0.48,0,0,0,0,0,0,0,1.28,17.52,39.04,33.92,60.88,58.8,52,27.84,10.32,2.8,0.48,0,0,0,0,0,0
2019-02-11,1,577.52,24,95.6,0,95.6,0.96,0,0,0,0,0,0,0,0.96,19.44,55.2,79.76,92.64,95.6,84,69.04,50.16,25.44,5.28,0,0,0,0,0,0
2019-02-12,1,548.08,23,92.48,0,92.48,1.12,0,0,0,0,0,0,0,1.12,17.28,48.56,73.36,88.88,92.48,84.56,68.88,47.68,21.84,3.44,0,0,0,0,0,0
2019-02-13,1,536.56,22,88.4,0,88.4,1.44,0,0,0,0,0,0,0,1.44,18.16,48.08,71.76,85.36,88.4,82.72,67.76,46.8,22.8,3.28,0,0,0,0,0,0
2019-02-14,1,430.08,18,81.36,0,81.36,0.24,0,0,0,0,0,0,0,0.24,5.68,26.48,57.12,81.2,81.36,51.04,59.76,38.64,26.24,2.32,0,0,0,0,0,0
2019-02-15,1,176.64,7,40,0,40,0.08,0,0,0,0,0,0,0,0.08,7.28,8.96,12.72,21.76,40,29.44,22.88,18.96,12.16,2.4,0,0,0,0,0,0
2019-02-16,1,514.64,21,87.68,0,87.68,1.44,0,0,0,0,0,0,0,1.44,19.44,50.72,76.24,87.68,48.8,86.16,64.4,51.92,24.64,3.2,0,0,0,0,0,0
2019-02-17,1,614.48,26,98.24,0,98.24,1.68,0,0,0,0,0,0,0,1.68,25.76,58.56,83.36,98.24,81.36,94.64,78.08,55.76,31.04,6,0,0,0,0,0,0
2019-02-18,1,231.92,10,59.52,0,59.52,0.16,0,0,0,0,0,0,0,1.12,9.92,24.96,33.36,59.52,31.44,26.4,29.68,11.92,3.44,0.16,0,0,0,0,0,0
2019-02-19,1,104.48,4,38.72,0,38.72,0.32,0,0,0,0,0,0,0,0,0.32,0.96,2,5.28,14.08,24.72,38.72,12.08,4.16,2.16,0,0,0,0,0,0
2019-02-20,1,590.48,25,95.28,0,95.28,1.76,0,0,0,0,0,0,0,1.76,25.52,56.32,78.88,93.76,95.28,90.8,72.48,47.84,22.72,5.12,0,0,0,0,0,0
2019-02-21,1,473.2,20,83.12,0,83.12,2.16,0,0,0,0,0,0,0,2.16,19.6,47.2,68.56,82.08,83.12,81.76,48.08,26.88,11.36,2.4,0,0,0,0,0,0
2019-02-22,1,358.8,15,80.32,0,80.32,0.72,0,0,0,0,0,0,0,2,21.52,42.24,71.6,80.32,54.16,44.72,19.84,12.96,8.72,0.72,0,0,0,0,0,0
2019-02-23,1,445.52,19,89.84,0,89.84,2.16,0,0,0,0,0,0,0,2.16,17.92,38.8,70.56,89.84,69.28,67.36,47.6,21.12,15.92,4.96,0,0,0,0,0,0
2019-02-24,1,522.64,22,85.12,0,85.12,0.08,0,0,0,0,0,0,0,2.72,25.52,52.16,67.12,56.48,75.2,85.12,71.6,52.24,28.24,6.16,0.08,0,0,0,0,0
2019-02-25,1,551.84,23,83.36,0,83.36,2.24,0,0,0,0,0,0,0,2.24,28.64,57.12,77.04,83.36,82.16,78.64,65.92,47.52,24.4,4.8,0,0,0,0,0,0
2019-02-26,1,516.96,22,84.56,0,84.56,2.88,0,0,0,0,0,0,0,2.88,20.96,43.2,63.76,83.12,84.56,76.48,64.08,47.44,25.04,5.44,0,0,0,0,0,0
2019-02-27,1,159.28,7,33.6,0,33.6,1.36,0,0,0,0,0,0,0,1.36,2.48,3.92,7.68,23.68,26.56,22.48,33.6,25.12,10.32,2.08,0,0,0,0,0,0
2019-02-28,1,320.56,13,75.44,0,75.44,3.2,0,0,0,0,0,0,0,3.2,21.52,46.96,68.72,75.44,39.6,18.88,20.96,7.2,12.24,5.84,0,0,0,0,0,0
2019-03-01,1,510.64,21,83.52,0,83.52,2.56,0,0,0,0,0,0,0,2.56,14.88,41.12,71.28,83.52,76.16,78.08,66.32,47.28,24.4,5.04,0,0,0,0,0,0
2019-03-02,1,346.88,14,57.04,0,57.04,2.8,0,0,0,0,0,0,0,3.76,20.64,43.52,49.28,44.96,57.04,53.44,34.64,23.68,13.12,2.8,0,0,0,0,0,0
2019-03-03,1,220,9,56.48,0,56.48,0.08,0,0,0,0,0,0,0,2.64,10.8,18.8,37.04,56.48,47.6,20.96,20.88,2.88,0.56,1.28,0.08,0,0,0,0,0
2019-03-04,1,452.4,19,80.32,0,80.32,0.08,0,0,0,0,0,0,0,3.44,20.64,34.08,63.76,80.32,57.52,49.28,58.8,50.64,27.76,6.08,0.08,0,0,0,0,0
2019-03-05,1,390.16,16,67.36,0,67.36,3.04,0,0,0,0,0,0,0,5.6,18.24,44.16,64.32,67.36,59.12,56.4,35.52,23.36,13.04,3.04,0,0,0,0,0,0
2019-03-06,1,150.4,6,40.16,0,40.16,0.24,0,0,0,0,0,0,0,0.24,3.36,6,18.16,12.88,8.96,14,24.32,40.16,18,4.32,0,0,0,0,0,0
2019-03-07,1,306.8,13,62.88,0,62.88,0.08,0,0,0,0,0,0,0,3.6,16.8,39.68,62.88,45.44,27.28,38.48,26.96,17.04,22.4,6.16,0.08,0,0,0,0,0
2019-03-08,1,480.08,20,70.32,0,70.32,0.08,0,0,0,0,0,0,0,5.6,26.72,50.32,70.32,54.08,54.72,65.84,64,51.6,28.72,8.08,0.08,0,0,0,0,0
2019-03-09,1,514.8,21,79.68,0,79.68,5.6,0,0,0,0,0,0,0,6.72,30.64,48.16,66.16,70,79.68,75.12,63.36,42.4,26.96,5.6,0,0,0,0,0,0
2019-03-10,1,53.84,2,9.92,0,9.92,0.16,0,0,0,0,0,0,0,0.16,2.96,5.6,9.92,3.84,4.4,5.52,9.68,5.12,5.04,1.6,0,0,0,0,0,0
2019-03-11,1,562,23,89.84,0,89.84,0.24,0,0,0,0,0,0,0,6.72,28.8,56.32,76.32,88,89.84,77.84,59.52,45.84,27.2,5.36,0.24,0,0,0,0,0
2019-03-12,1,593.36,25,93.2,0,93.2,0.08,0,0,0,0,0,0,0.08,6.64,22.96,59.6,81.76,93.2,92.32,85.12,68.96,50.16,26.24,6.24,0.08,0,0,0,0,0
2019-03-13,1,467.76,19,88.48,0,88.48,0.24,0,0,0,0,0,0,0,8.4,33.36,64.96,88.48,65.68,20,58.8,30.96,52.4,34.88,9.6,0.24,0,0,0,0,0
2019-03-14,1,645.6,27,96.96,0,96.96,0.08,0,0,0,0,0,0,0.08,8.32,33.6,65.28,87.12,96.96,92.72,86.16,74.48,57.76,33.76,9.04,0.32,0,0,0,0,0
2019-03-15,1,434.8,18,89.92,0,89.92,0.08,0,0,0,0,0,0,0.08,5.44,10.24,18.16,47.68,87.44,89.92,77.44,70.08,20,0.4,7.52,0.4,0,0,0,0,0
2019-03-16,1,630.32,26,91.52,0,91.52,0.16,0,0,0,0,0,0,0.16,10.08,33.68,65.76,86.72,91.52,91.04,83.92,72.96,54.24,31.04,8.88,0.32,0,0,0,0,0
2019-03-17,1,578.48,24,87.76,0,87.76,0.08,0,0,0,0,0,0,0.08,9.76,34.72,66.72,78.08,63.04,60.8,87.76,77.44,57.36,32.8,9.52,0.4,0,0,0,0,0
2019-03-18,1,409.84,17,75.04,0,75.04,0.08,0,0,0,0,0,0,0.08,9.36,24.72,50.64,49.36,75.04,67.2,51.6,43.2,19.04,13.92,5.28,0.4,0,0,0,0,0
2019-03-19,1,568.64,24,85.28,0,85.28,0.24,0,0,0,0,0,0,0.24,9.36,30.24,57.76,76.96,84,85.28,80.08,64.8,46.8,25.04,7.76,0.32,0,0,0,0,0
2019-03-20,1,231.04,10,55.28,0,55.28,0.08,0,0,0,0,0,0,0.08,9.12,20.32,29.68,37.12,55.28,34.16,17.76,13.36,13.04,0.88,0.24,0,0,0,0,0,0
2019-03-21,1,495.2,21,79.12,0,79.12,0.24,0,0,0,0,0,0,0.24,5.28,22.4,37.2,75.76,74.56,79.12,74.8,57.84,38.8,21.04,7.68,0.48,0,0,0,0,0
2019-03-22,1,536.4,22,89.04,0,89.04,0.24,0,0,0,0,0,0,0.24,6.08,27.12,60.72,82.32,89.04,12.88,86,74,55.28,32.08,10,0.64,0,0,0,0,0
2019-03-23,1,634.4,26,99.92,0,99.92,0.16,0,0,0,0,0,0,0.16,11.6,34.8,67.36,87.44,99.92,87.2,90.72,70.56,61.04,20,3.36,0.24,0,0,0,0,0
2019-03-24,1,617.36,26,88.4,0,88.4,0.32,0,0,0,0,0,0,0.32,13.36,38.24,69.12,87.68,64.88,64.32,88.4,80.88,62.08,36.64,10.96,0.48,0,0,0,0,0
2019-03-25,1,377.6,16,61.04,0,61.04,0.72,0,0,0,0,0,0,0.72,11.92,26.4,48.56,49.44,46.48,61.04,41.6,40.16,27.6,16.24,6.24,1.2,0,0,0,0,0
2019-03-26,1,593.12,25,87.28,0,87.28,0.32,0,0,0,0,0,0,0.32,11.44,31.52,56.32,78,87.28,85.76,81.92,69.68,50.56,30.32,9.52,0.48,0,0,0,0,0
2019-03-27,1,584.24,24,83.84,0,83.84,0.96,0,0,0,0,0,0,1.52,9.28,30.88,57.2,75.28,79.2,83.84,82.96,70.72,53.12,30.56,8.72,0.96,0,0,0,0,0
2019-03-28,1,522.48,22,85.68,0,85.68,0.4,0,0,0,0,0,0,0.4,10.4,30,49.68,75.52,85.68,76.56,60.88,56.8,43.28,24.8,7.84,0.64,0,0,0,0,0
2019-03-29,1,467.76,19,74.24,0,74.24,0.16,0,0,0,0,0,0,0.16,9.28,25.04,32.24,37.6,70,63.76,74.24,66.8,49.04,30.08,8.88,0.64,0,0,0,0,0
2019-03-30,1,486.56,20,86.72,0,86.72,0.48,0,0,0,0,0,0,0,0.48,12.96,37.2,61.76,86.72,67.68,75.2,64.56,42,28,9.2,0.8,0,0,0,0,0
2019-03-31,1,605.2,25,90.72,0,90.72,0.96,0,0,0,0,0,0,1.12,11.52,34.16,69.84,90.72,87.68,88.08,80.32,53.68,46.8,28.48,11.84,0.96,0,0,0,0,0
2019-04-01,1,540,23,99.92,0,99.92,0.8,0,0,0,0,0,0,1.28,15.2,38.64,70.56,91.6,99.92,49.52,78.96,50.48,22.72,11.28,9.04,0.8,0,0,0,0,0
2019-04-02,1,682.32,28,99.28,0,99.28,1.12,0,0,0,0,0,0,1.52,15.44,38.72,69.84,90.64,99.28,97.36,88.24,75.52,58.96,34.72,10.96,1.12,0,0,0,0,0
2019-04-03,1,668.48,28,93.28,0,93.28,0.96,0,0,0,0,0,0,1.36,15.28,37.6,67.52,86.88,93.28,89.68,88.88,79.6,60.4,35.92,11.12,0.96,0,0,0,0,0
2019-04-04,1,649.36,27,90.64,0,90.64,0.96,0,0,0,0,0,0,1.44,15.44,37.92,66.56,82.88,90.64,89.52,85.92,74.16,58.4,34.64,10.88,0.96,0,0,0,0,0
2019-04-05,1,587.44,24,87.84,0,87.84,0.88,0,0,0,0,0,0,1.68,14.88,23.28,63.04,82.64,87.84,84.08,78.8,65.2,47.28,27.76,10.08,0.88,0,0,0,0,0
2019-04-06,1,563.44,23,78.88,0,78.88,0.96,0,0,0,0,0,0,1.52,14,33.44,58.96,75.04,73.92,69.36,78.88,67.44,50.88,29.44,9.6,0.96,0,0,0,0,0
2019-04-07,1,158.24,7,30.32,0,30.32,0.64,0,0,0,0,0,0,1.68,7.68,10.48,26.56,24.4,19.44,25.36,30.32,11.68,0,0.64,0,0,0,0,0,0,0
2019-04-08,1,564.8,24,81.28,0,81.28,1.2,0,0,0,0,0,0,1.2,5.52,32.08,61.36,75.52,81.28,73.28,76.48,67.12,51.04,28.64,9.92,1.36,0,0,0,0,0
2019-04-09,1,417.92,17,89.2,0,89.2,0.8,0,0,0,0,0,0,1.04,11.12,34.48,51.04,64.88,89.2,75.28,59.28,23.76,3.36,3.68,0.8,0,0,0,0,0,0
2019-04-10,1,216.8,9,57.76,0,57.76,0.16,0,0,0,0,0,0,0.16,3.12,9.92,12.96,24.48,57.76,25.28,34,36.08,9.04,3.68,0.32,0,0,0,0,0,0
2019-04-11,1,321.92,13,56.96,0,56.96,0.96,0,0,0,0,0,0,2.48,16.56,39.92,56.96,54.48,24.32,25.36,27.84,29.6,22.08,15.2,6.16,0.96,0,0,0,0,0
2019-04-12,1,536.32,22,92.96,0,92.96,1.12,0,0,0,0,0,0,1.12,15.76,37.28,66,84.88,92.96,56.08,43.12,45.52,47.6,33.2,11.44,1.36,0,0,0,0,0
2019-04-13,1,490.8,20,69.28,0,69.28,1.2,0,0,0,0,0,0,3.2,16,32.88,50.64,55.92,43.28,56.96,60,69.28,56.32,33.76,11.36,1.2,0,0,0,0,0
2019-04-14,1,164.96,7,28.16,0,28.16,1.04,0,0,0,0,0,0,1.04,6,19.52,16.96,24.88,16,6.32,9.36,6.08,17.92,28.16,11.68,1.04,0,0,0,0,0
2019-04-15,1,647.6,27,90.24,0,90.24,1.36,0,0,0,0,0,0,2.88,16.72,39.28,67.84,84.16,90.24,86.56,84.24,73.2,56.4,33.6,11.12,1.36,0,0,0,0,0
2019-04-16,1,556.32,23,80.88,0,80.88,0.8,0,0,0,0,0,0,2.72,15.36,36.8,57.6,70.48,78.48,80.88,69.2,64.08,45.28,22.16,12.48,0.8,0,0,0,0,0
2019-04-17,1,478.8,20,69.44,0,69.44,0.72,0,0,0,0,0,0,0.72,4.08,10.48,42.88,64.72,69.44,65.2,60.48,67.44,51.04,31.52,9.92,0.88,0,0,0,0,0
2019-04-18,1,623.44,26,87.76,0,87.76,1.52,0,0,0,0,0,0,3.28,15.76,37.76,61.52,79.84,86.64,87.76,80.96,71.12,54.4,32,10.88,1.52,0,0,0,0,0
2019-04-19,1,361.2,15,60.24,0,60.24,0.32,0,0,0,0,0,0,1.36,11.44,28,42.56,44.48,39.12,60.24,33.12,32.64,31.76,31.04,5.12,0.32,0,0,0,0,0
2019-04-20,1,605.76,25,84.96,0,84.96,1.44,0,0,0,0,0,0,3.68,16.88,37.76,60.72,77.68,84.96,75.04,79.84,69.76,54,32.96,11.04,1.44,0,0,0,0,0
2019-04-21,1,402.4,17,54.64,0,54.64,1.04,0,0,0,0,0,0,2.96,15.84,33.44,50.96,37.6,30.88,54.64,52.96,49.2,44,19.6,9.28,1.04,0,0,0,0,0
2019-04-22,1,564.32,24,78,0,78,1.68,0,0,0,0,0,0,2.8,15.84,35.84,56.32,71.76,76.96,78,74.8,65.12,47.6,28.16,9.44,1.68,0,0,0,0,0
2019-04-23,1,172.88,7,29.28,0,29.28,0.16,0,0,0,0,0,0,3.2,13.44,23.52,29.28,25.76,24.72,17.76,14.64,10.8,4.56,3.2,1.84,0.16,0,0,0,0,0
2019-04-24,1,178.32,7,32.72,0,32.72,0.16,0,0,0,0,0,0,0.16,2.88,3.28,6.8,14.72,11.92,32.72,24.16,24.64,31.44,22.32,2.88,0.4,0,0,0,0,0
2019-04-25,1,145.04,6,20.72,0,20.72,0.32,0,0,0,0,0,0,1.76,9.04,7.92,5.12,20.24,16.96,18,20.72,18,15.6,7.76,3.6,0.32,0,0,0,0,0
2019-04-26,1,83.76,3,14.56,0,14.56,0.88,0,0,0,0,0,0,0,1.28,11.76,4.24,14.56,12.56,10.16,9.6,12.08,4.24,2.4,0.88,0,0,0,0,0,0
2019-04-27,1,579.68,24,82.64,0,82.64,1.36,0,0,0,0,0,0,4.24,18.8,41.44,66.48,75.84,52,74.96,82.64,76.24,41.68,30.64,13.36,1.36,0,0,0,0,0
2019-04-28,1,349.36,15,70.72,0,70.72,2.4,0,0,0,0,0,0,3.44,14.48,13.36,15.68,12.24,20,34.32,53.92,70.72,59.76,36.56,12.48,2.4,0,0,0,0,0
2019-04-29,1,75.2,3,15.28,0,15.28,1.52,0,0,0,0,0,0,0,1.68,4.08,10.96,8.96,15.28,12.08,8.96,5.36,3.2,3.12,1.52,0,0,0,0,0,0
2019-04-30,1,301.6,13,53.92,0,53.92,3.36,0,0,0,0,0,0,6,19.36,37.52,21.2,13.92,26.56,23.44,31.44,53.92,33.84,19.6,11.44,3.36,0,0,0,0,0
2019-05-01,1,408.08,17,68.4,0,68.4,0.48,0,0,0,0,0,0,0.48,2.32,16.64,30.88,41.36,45.52,68.4,58.96,61.6,49.6,26.24,2.8,3.28,0,0,0,0,0
2019-05-02,1,604.64,25,84.16,0,84.16,0.08,0,0,0,0,0,0.08,4.4,17.68,37.36,57.84,76.32,84.16,82.64,78.8,67.84,52.64,32,11.44,1.44,0,0,0,0,0
2019-05-03,1,570.32,24,76.96,0,76.96,0.08,0,0,0,0,0,0.08,4.8,17.68,37.76,56.16,70.88,76.96,76,72.16,65.28,49.2,30.64,11.12,1.6,0,0,0,0,0
2019-05-04,1,537.84,22,72.4,0,72.4,0.08,0,0,0,0,0,0.08,4.32,17.52,36.96,55.92,67.44,72.4,69.68,68,58.4,43.28,29.44,11.28,3.12,0,0,0,0,0
2019-05-05,1,563.36,23,79.52,0,79.52,0.08,0,0,0,0,0,0.08,2.72,17.84,36,51.2,65.2,70.08,79.52,78.08,68.24,51.28,30.24,11.2,1.68,0,0,0,0,0
2019-05-06,1,514.08,21,78,0,78,0.08,0,0,0,0,0,0.08,4.32,18.16,37.6,28.32,22.72,75.76,75.44,78,69.04,54.72,35.12,13.2,1.6,0,0,0,0,0
2019-05-07,1,639.28,27,86.24,0,86.24,0.16,0,0,0,0,0,0.16,5.12,18.4,41.36,65.92,81.44,82.08,86.24,82.72,71.76,55.6,34.16,12.32,2,0,0,0,0,0
2019-05-08,1,525.28,22,75.2,0,75.2,0.08,0,0,0,0,0,0.08,6.48,19.76,41.68,57.12,68,75.2,68.08,69.52,39.04,43.68,27.28,7.52,1.84,0,0,0,0,0
2019-05-09,1,558.8,23,83.04,0,83.04,0.08,0,0,0,0,0,0.08,5.44,16.88,36.08,56.08,73.6,83.04,78.32,59.44,53.76,51.52,31.84,11.44,1.28,0,0,0,0,0
2019-05-10,1,545.6,23,79.2,0,79.2,0.24,0,0,0,0,0,0.24,6.4,18.4,34,48.96,61.68,77.04,79.2,72.96,57.52,47.84,26.16,13.2,2,0,0,0,0,0
2019-05-11,1,563.2,23,75.12,0,75.12,2.4,0,0,0,0,0,0,4.88,17.76,37.28,56.64,70.56,74.32,75.12,71.28,63.6,50.88,28,10.48,2.4,0,0,0,0,0
2019-05-12,1,545.84,23,70.56,0,70.56,0.08,0,0,0,0,0,0.08,5.44,18.08,35.6,55.04,67.76,70.56,69.36,67.6,61.76,50.16,31.12,11.52,1.76,0,0,0,0,0
2019-05-13,1,539.52,22,75.68,0,75.68,0.4,0,0,0,0,0,0.4,6,19.84,37.6,57.68,70.4,75.68,72.56,69.28,56.96,42.08,21.36,8.24,1.44,0,0,0,0,0
2019-05-14,1,556.32,23,79.12,0,79.12,0.08,0,0,0,0,0,0.16,5.2,16.16,35.52,54.56,69.44,75.92,79.12,73.6,63.84,49.36,23.2,8.64,1.52,0.08,0,0,0,0
2019-05-15,1,557.92,23,77.28,0,77.28,0.4,0,0,0,0,0,0.4,5.6,17.92,31.68,46.24,71.36,74.96,77.28,71.12,61.68,44.56,36.56,16.56,2,0,0,0,0,0
2019-05-16,1,548.8,23,71.92,0,71.92,0.16,0,0,0,0,0,0.16,5.2,18.64,36.8,52.4,67.04,71.92,71.84,69.84,62.32,48.96,30.08,11.84,1.76,0,0,0,0,0
2019-05-17,1,490.64,20,74.64,0,74.64,0.08,0,0,0,0,0,0.08,4.48,17.28,36.88,54.96,73.28,74.64,68.88,48.32,38.64,33.84,26.48,11.76,1.12,0,0,0,0,0
2019-05-18,1,76.08,3,12.56,0,12.56,0.24,0,0,0,0,0,0,0.24,1.12,3.92,7.2,10.88,10.24,10.24,12.56,8.56,2,3.28,3.36,2.48,0,0,0,0,0
2019-05-19,1,243.2,10,42.32,0,42.32,0.4,0,0,0,0,0,0.4,3.2,13.44,23.44,33.36,42.32,39.44,37.36,29.84,11.76,6.24,1.68,0.72,0,0,0,0,0,0
2019-05-20,1,342.8,14,50.24,0,50.24,1.36,0,0,0,0,0,0,1.36,11.92,22.32,29.84,20.32,35.2,40.48,50.24,41.12,39.84,35.28,13.36,1.52,0,0,0,0,0
2019-05-21,1,623.04,26,79.28,0,79.28,0.24,0,0,0,0,0,0.24,6.16,19.92,44.24,65.84,75.6,78.56,78.48,79.28,69.2,55.6,34.96,12.96,2,0,0,0,0,0
2019-05-22,1,608.4,25,81.68,0,81.68,0.16,0,0,0,0,0,0.16,6.32,19.04,41.36,61.76,74.8,81.68,79.12,75.44,66.08,53.92,34.08,12.96,1.68,0,0,0,0,0
2019-05-23,1,528.48,22,70.08,0,70.08,0.32,0,0,0,0,0,0.32,6.48,18.32,39.28,57.6,67.52,70.08,39.04,69.84,62.8,51.76,31.52,11.92,2,0,0,0,0,0
2019-05-24,1,553.52,23,75.92,0,75.92,0.24,0,0,0,0,0,0.24,5.12,17.44,37.6,54.16,64.4,75.92,74.96,69.84,60.8,48.88,30.4,12.16,1.6,0,0,0,0,0
2019-05-25,1,453.36,19,59.28,0,59.28,0.4,0,0,0,0,0,0.4,6.16,16.8,37.92,47.36,54.08,58.4,59.28,50.48,42.8,39.28,29.12,9.84,1.44,0,0,0,0,0
2019-05-26,1,528.96,22,72,0,72,0.4,0,0,0,0,0,0.4,5.04,17.44,37.36,50.72,67.76,70.88,72,69.68,59.52,39.04,23.68,13.2,2.24,0,0,0,0,0
2019-05-27,1,11.6,0,2.24,0,2.24,0.24,0,0,0,0,0,0,0.24,1.28,2.24,1.04,1.52,1.28,2.16,1.44,0.4,0,0,0,0,0,0,0,0,0
2019-05-28,1,479.2,20,65.2,0,65.2,0.16,0,0,0,0,0,0.72,7.68,22.88,26.96,53.84,62.24,52.48,65.2,55.92,56.48,38.56,21.12,9.36,5.6,0.16,0,0,0,0
2019-05-29,1,591.28,25,76.32,0,76.32,0.4,0,0,0,0,0,0.4,6.56,19.52,40.48,60.8,72.72,74.32,76.32,74.48,66.16,51.68,32.8,13.28,1.76,0,0,0,0,0
2019-05-30,1,501.28,21,66.32,0,66.32,0.48,0,0,0,0,0,0.64,8,20.88,39.04,57.44,65.12,59.68,66.24,66.32,50.64,34.16,23.6,9.04,0.48,0,0,0,0,0
2019-05-31,1,405.6,17,77.2,0,77.2,0.08,0,0,0,0,0,0,0.48,2.96,4.72,8,11.76,50.64,77.2,70.56,68.96,57.2,35.92,14.72,2.4,0.08,0,0,0,0
2019-06-01,1,536.88,22,73.68,0,73.68,0.72,0,0,0,0,0,0.72,8.72,22.72,39.52,59.28,65.2,67.44,73.68,70.64,50.4,35.36,26.72,14.16,2.32,0,0,0,0,0
2019-06-02,1,531.68,22,76.48,0,76.48,0.8,0,0,0,0,0,0.8,7.36,20.16,37.52,54.64,68.72,76.4,76.48,68.8,43.44,33.36,22,17.04,4.96,0,0,0,0,0
2019-06-03,1,572.4,24,76.64,0,76.64,0.48,0,0,0,0,0,0.48,6.24,18.64,38.64,56.08,68.24,73.68,76.64,71.84,62.96,48.16,29.44,17.12,3.6,0.64,0,0,0,0
2019-06-04,1,540.48,23,72.32,0,72.32,0.48,0,0,0,0,0,0.48,6.8,18.4,35.76,51.04,63.6,72.08,72.32,65.52,59.6,49.28,31.12,12.88,1.6,0,0,0,0,0
2019-06-05,1,517.52,22,66.88,0,66.88,0.48,0,0,0,0,0,0.48,5.36,17.76,32.8,47.68,65.04,66.88,64.16,65.2,59.76,47.36,30.16,12.96,1.92,0,0,0,0,0
2019-06-06,1,449.28,19,65.92,0,65.92,0.72,0,0,0,0,0,0.72,7.2,18.96,34.56,45.68,55.6,65.92,59.76,62.88,51.52,33.52,10.88,2.08,0,0,0,0,0,0
2019-06-07,1,79.92,3,18.56,0,18.56,0.48,0,0,0,0,0,0,0.48,2.32,5.68,3.44,4.64,12.4,5.12,18.56,13.68,10.64,0.8,1.68,0.48,0,0,0,0,0
2019-06-08,1,419.12,17,70,0,70,0.08,0,0,0,0,0,0,5.52,16.96,30.96,57.04,31.36,51.36,45.84,70,35.04,32.08,25.68,11.44,5.76,0.08,0,0,0,0
2019-06-09,1,507.92,21,76,0,76,0.08,0,0,0,0,0,0.24,7.2,17.44,36.96,50.4,71.52,76,50.24,48,51.12,46.56,35.52,14.8,1.84,0.08,0,0,0,0
2019-06-10,1,447.6,19,62.72,0,62.72,0.08,0,0,0,0,0,0.48,8.08,20.88,36.96,49.2,38,46.96,46.24,62.72,43.28,44.96,34.8,13.36,1.6,0.08,0,0,0,0
2019-06-11,1,349.04,15,51.2,0,51.2,0.8,0,0,0,0,0,0.8,8.8,18.56,43.36,51.2,22.48,35.44,23.28,24.96,39.12,27.6,34.56,15.84,3.04,0,0,0,0,0
2019-06-12,1,424.96,18,64.96,0,64.96,0.16,0,0,0,0,0,0,5.84,14.08,19.36,38.24,40.48,64.96,27.68,57.04,54.16,50.56,34.88,14.88,2.64,0.16,0,0,0,0
2019-06-13,1,611.2,25,83.44,0,83.44,0.16,0,0,0,0,0,0.32,5.68,18.56,40.16,59.92,75.2,83.44,77.84,75.28,72.08,53.2,29.84,14.64,4.88,0.16,0,0,0,0
2019-06-14,1,138,6,34.8,0,34.8,0.16,0,0,0,0,0,0,2.08,2.72,4.88,13.52,27.52,26.56,34.8,18.72,2.16,2.48,1.28,1.12,0.16,0,0,0,0,0
2019-06-15,1,475.12,20,67.84,0,67.84,0.16,0,0,0,0,0,0,4.24,14.48,29.76,44.16,67.52,67.84,56.72,35.44,62.96,45.36,29.44,14.8,2.24,0.16,0,0,0,0
2019-06-16,1,531.6,22,80.16,0,80.16,0.72,0,0,0,0,0,0.72,5.52,17.52,26.4,36.96,77.36,80.16,76.64,71.6,63.84,44.4,24.4,4.72,1.36,0,0,0,0,0
2019-06-17,1,512.24,21,74.48,0,74.48,0.48,0,0,0,0,0,1.04,7.2,17.12,23.52,29.44,49.68,65.28,74.48,73.76,66.08,52.24,33.44,14.48,4,0.48,0,0,0,0
2019-06-18,1,256.24,11,36.96,0,36.96,0.16,0,0,0,0,0,0.16,3.68,10.24,16.4,25.28,31.6,30.16,36.96,19.68,28.56,24.88,14.56,11.36,2.24,0.48,0,0,0,0
2019-06-19,1,500.16,21,65.68,0,65.68,0.32,0,0,0,0,0,0.64,6.32,18.72,33.12,46.08,59.84,65.68,60.4,64.08,52.88,45.28,29.84,14.72,2.24,0.32,0,0,0,0
2019-06-20,1,512,21,65.04,0,65.04,0.4,0,0,0,0,0,0.4,3.68,20.56,33.92,50.56,60.96,62.32,65.04,60.8,58.72,47.52,27.52,14.4,5.6,0,0,0,0,0
2019-06-21,1,552.72,23,71.84,0,71.84,3.36,0,0,0,0,0,0,5.68,18.88,33.84,52.08,68.4,71.84,70.88,69.12,62.8,50.32,30.64,14.88,3.36,0,0,0,0,0
2019-06-22,1,492.72,21,72.48,0,72.48,0.16,0,0,0,0,0,0.56,3.36,16.88,38.08,42.24,58.4,51.92,43.84,72.48,61.92,51.2,34.4,15.52,1.76,0.16,0,0,0,0
2019-06-23,1,316,13,50.56,0,50.56,0.24,0,0,0,0,0,0.24,5.12,14.24,23.12,20.24,23.92,24.56,19.68,48.96,48.32,50.56,21.2,14.32,1.52,0,0,0,0,0
2019-06-24,1,525.36,22,74.4,0,74.4,0.16,0,0,0,0,0,0.16,4.48,18.64,38.08,51.2,47.36,70.8,52.4,74.4,66.32,48.88,34.32,14.96,3.12,0.24,0,0,0,0
2019-06-25,1,548.8,23,79.6,0,79.6,0.16,0,0,0,0,0,0.24,5.44,17.04,36.16,56.32,66,63.36,79.6,64.8,54.08,52.24,30.72,19.44,3.2,0.16,0,0,0,0
2019-06-26,1,26.16,1,4.88,0,4.88,0.16,0,0,0,0,0,0.16,2.56,2.32,1.84,1.92,1.6,1.84,1.92,2.4,2.32,4.88,2.24,0.16,0,0,0,0,0,0
2019-06-27,1,282.16,12,50.72,0,50.72,0.16,0,0,0,0,0,0,0.16,2.08,2.56,8.4,19.44,47.6,50.72,32.24,34.24,28.96,30.48,20.56,4.56,0.16,0,0,0,0
2019-06-28,1,408.24,17,52.88,0,52.88,0.16,0,0,0,0,0,0,1.04,7.76,28.56,50.88,44,43.84,39.04,44.8,52.88,40.24,34.96,15.76,4.32,0.16,0,0,0,0
2019-06-29,1,50.72,2,8.4,0,8.4,0.16,0,0,0,0,0,0.16,5.12,7.28,8.08,3.52,4.08,8.4,3.6,2.64,2.96,4.08,0.8,0,0,0,0,0,0,0
2019-06-30,1,364.48,15,59.12,0,59.12,0.4,0,0,0,0,0,0.4,5.2,14.72,28.4,31.28,46.32,59.12,45.84,39.68,45.44,33.84,7.52,4.48,2.24,0,0,0,0,0
2019-07-01,1,260.32,11,47.76,0,47.76,0.88,0,0,0,0,0,0,1.44,12.48,33.04,47.76,43.36,33.36,26.48,14.88,14.8,14.32,11.28,6.24,0.88,0,0,0,0,0
2019-07-02,1,414.08,17,62.08,0,62.08,0.16,0,0,0,0,0,0.16,4.8,18.08,36.16,52,62.08,58.56,40.88,35.76,33.6,26.88,20.64,20.08,4.4,0,0,0,0,0
2019-07-03,1,299.12,12,48.8,0,48.8,5.04,0,0,0,0,0,0,5.04,14.96,24.4,31.6,27.28,48.8,16.4,30.96,42.08,24.24,18.08,10.16,5.12,0,0,0,0,0
2019-07-04,1,512.16,21,68.32,0,68.32,0.16,0,0,0,0,0,0.16,5.04,16.64,35.68,52.64,62.24,65.36,68.32,66,48.24,43.92,31.92,13.04,2.96,0,0,0,0,0
2019-07-05,1,457.92,19,60.8,0,60.8,0.4,0,0,0,0,0,0.4,4.72,18.56,29.84,46.72,55.28,60.32,60.8,55.12,37.76,39.2,29.12,18,2.08,0,0,0,0,0
2019-07-06,1,492,21,64.4,0,64.4,0.08,0,0,0,0,0,0.08,3.2,13.04,34.24,49.68,61.36,64.4,63.04,53.6,54.8,46.88,31.6,14,2.08,0,0,0,0,0
2019-07-07,1,511.6,21,72.72,0,72.72,0.24,0,0,0,0,0,0.24,4.64,10.24,28.16,40.08,58,72.72,71.6,69.2,61.76,46,31.92,14.4,2.64,0,0,0,0,0
2019-07-08,1,352.96,15,63.44,0,63.44,1.52,0,0,0,0,0,0,1.68,3.36,11.28,22.16,36.72,39.92,63.44,60.24,47.68,37.52,17.76,9.68,1.52,0,0,0,0,0
2019-07-09,1,186.32,8,31.68,0,31.68,1.2,0,0,0,0,0,0,1.2,5.04,14.8,17.2,25.28,21.04,16,16.24,3.68,17.92,31.68,13.04,3.2,0,0,0,0,0
2019-07-10,1,122.32,5,21.6,0,21.6,1.68,0,0,0,0,0,0,1.68,13.44,20.56,14.64,13.84,21.6,10.4,10.64,7.04,5.76,2.72,0,0,0,0,0,0,0
2019-07-11,1,407.76,17,55.28,0,55.28,1.2,0,0,0,0,0,0,3.12,6.96,19.44,51.6,55.28,55.04,54.4,40.4,47.04,46.72,20.96,5.6,1.2,0,0,0,0,0
2019-07-12,1,496.88,21,69.12,0,69.12,2.64,0,0,0,0,0,0,3.28,15.68,31.92,41.6,60.72,62.64,69.12,59.36,59.36,48.88,28.4,13.28,2.64,0,0,0,0,0
2019-07-13,1,201.36,8,32.88,0,32.88,0.4,0,0,0,0,0,0,0.56,3.6,10,13.92,16.32,20,22.72,32.88,25.36,20,16.24,14.32,5.04,0.4,0,0,0,0
2019-07-14,1,508.56,21,70.64,0,70.64,1.6,0,0,0,0,0,0,3.76,17.04,30,49.36,61.52,67.84,70.64,65.92,56.08,44.16,29.28,11.36,1.6,0,0,0,0,0
2019-07-15,1,320.32,13,57.76,0,57.76,0.8,0,0,0,0,0,0,0.8,4.8,16.8,19.6,22.64,41.04,57.76,34.08,32,42.96,29.6,15.04,3.2,0,0,0,0,0
2019-07-16,1,519.2,22,73.76,0,73.76,2.72,0,0,0,0,0,0,4.32,14.64,30.8,51.36,59.36,71.68,73.76,66.56,62.64,34.72,32.16,14.48,2.72,0,0,0,0,0
2019-07-17,1,477.2,20,67.92,0,67.92,2.56,0,0,0,0,0,0,5.52,14.96,34.8,45.6,53.04,59.2,67.92,52.16,55.76,38.88,30.32,16.48,2.56,0,0,0,0,0
2019-07-18,1,74.48,3,14.16,0,14.16,0.72,0,0,0,0,0,0,0,0.72,10.16,10.24,10.4,14.16,4.48,2.64,3.12,2.56,10.16,5.04,0.8,0,0,0,0,0
2019-07-19,1,20.08,1,7.28,0,7.28,0.08,0,0,0,0,0,0,0,0,0.56,1.04,1.44,0.08,2.56,0,0.24,7.28,5.44,1.44,0,0,0,0,0,0
2019-07-20,1,27.84,1,8.48,0,8.48,0.08,0,0,0,0,0,0,0,0,0.48,1.36,1.04,1.52,6,8.48,3.44,2.72,2.56,0.08,0.16,0,0,0,0,0
2019-07-21,1,235.52,10,48.88,0,48.88,0.88,0,0,0,0,0,0,0,0,1.44,0.88,20.88,24.32,48.88,38.64,31.6,24,29.44,11.92,3.52,0,0,0,0,0
2019-07-22,1,494.88,21,68.8,0,68.8,3.44,0,0,0,0,0,0,4.8,17.36,28.32,40.24,56.72,68.8,68.56,63.2,55.28,44.4,29.44,14.32,3.44,0,0,0,0,0
2019-07-23,1,451.28,19,61.92,0,61.92,1.28,0,0,0,0,0,0,1.28,11.12,31.52,48.64,58.88,40.4,54.32,61.92,54.8,44.8,28.96,11.36,3.28,0,0,0,0,0
2019-07-24,1,351.44,15,63.76,0,63.76,0.48,0,0,0,0,0,0,2,11.28,13.92,25.04,43.04,58,63.76,56.72,42.72,14.64,12.8,7.04,0.48,0,0,0,0,0
2019-07-25,1,100.8,4,30,0,30,0.32,0,0,0,0,0,0,0.72,0.48,0.32,2.56,11.04,28.24,30,11.76,7.52,3.04,2.4,2.08,0.64,0,0,0,0,0
2019-07-26,1,114.96,5,19.92,0,19.92,0.48,0,0,0,0,0,0,0.48,1.12,1.76,4.16,16.24,14.24,7.36,5.2,13.44,19.92,19.12,10.96,0.96,0,0,0,0,0
2019-07-27,1,125.2,5,25.68,0,25.68,0.08,0,0,0,0,0,0,0.08,2.88,6.56,13.52,17.04,14.64,15.76,25.68,12.96,12.08,1.04,2.64,0.32,0,0,0,0,0
2019-07-28,1,407.12,17,62.32,0,62.32,0.8,0,0,0,0,0,0,0.8,10.64,19.84,30.24,45.76,49.44,46.72,57.2,62.32,48.48,25.04,9.76,0.88,0,0,0,0,0
2019-07-29,1,344.56,14,61.28,0,61.28,0.24,0,0,0,0,0,0,0.24,3.76,5.44,24.48,25.76,36.16,61.28,55.36,48.4,45.2,26.4,10.96,1.12,0,0,0,0,0
2019-07-30,1,496.32,21,66.4,0,66.4,0.64,0,0,0,0,0,0,2.72,14.72,33.84,49.92,58.32,66.4,62.24,58.88,50.48,51.28,34.88,12,0.64,0,0,0,0,0
2019-07-31,1,480.56,20,64.48,0,64.48,0.32,0,0,0,0,0,0,1.28,13.6,28.8,48.56,56,64.48,59.92,62.48,56.32,46.4,30.48,11.92,0.32,0,0,0,0,0
2019-08-01,1,492.4,21,67.52,0,67.52,0.4,0,0,0,0,0,0,1.52,13.52,29.84,46.4,62.4,65.12,67.52,63.76,56.56,44.96,28.8,11.6,0.4,0,0,0,0,0
2019-08-02,1,439.92,18,58.8,0,58.8,0.16,0,0,0,0,0,0,1.6,13.44,27.2,41.92,52.8,58.8,55.68,53.52,49.76,44.16,28.8,12.08,0.16,0,0,0,0,0
2019-08-03,1,456.56,19,62.8,0,62.8,0.64,0,0,0,0,0,0,1.6,13.68,28.96,43.36,59.6,62.8,59.28,55.68,50.88,42.08,26.48,11.52,0.64,0,0,0,0,0
2019-08-04,1,414.88,17,55.2,0,55.2,0.4,0,0,0,0,0,0,1.84,14.08,26.64,41.6,52.32,55.2,54,43.84,47.44,39.2,26.24,12.08,0.4,0,0,0,0,0
2019-08-05,1,419.68,17,58.08,0,58.08,0.16,0,0,0,0,0,0,2.56,13.84,28.32,40.56,53.92,58.08,56.16,52.48,45.68,35.36,23.28,9.28,0.16,0,0,0,0,0
2019-08-06,1,132.88,6,28.64,0,28.64,0.08,0,0,0,0,0,0,0.8,10.64,19.84,27.44,28.64,20.88,17.04,6.8,0.4,0.08,0.32,0,0,0,0,0,0,0
2019-08-07,1,477.6,20,68,0,68,0.64,0,0,0,0,0,0,0,3.04,27.92,46.16,56.56,68,66,64.08,57.36,46.32,29.68,11.84,0.64,0,0,0,0,0
2019-08-08,1,444.64,19,62.72,0,62.72,0.8,0,0,0,0,0,0,1.68,14.88,22.72,37.2,54.48,62.72,60.4,56.24,54.24,44.08,28.4,6.8,0.8,0,0,0,0,0
2019-08-09,1,407.2,17,54.56,0,54.56,2.08,0,0,0,0,0,0,2.08,15.36,27.44,43.12,50.32,54.56,48.16,47.92,46.88,34.48,22.24,12.4,2.24,0,0,0,0,0
2019-08-10,1,448.24,19,63.2,0,63.2,0.48,0,0,0,0,0,0,1.04,11.52,22.16,40.48,50.64,61.84,63.2,63.2,49.6,46.24,26,11.84,0.48,0,0,0,0,0
2019-08-11,1,436.88,18,63.12,0,63.12,0.4,0,0,0,0,0,0,0.4,4.4,20.72,44.48,63.12,56.32,47.52,62.48,58.8,41.92,22.24,13.68,0.8,0,0,0,0,0
2019-08-12,1,459.76,19,59.52,0,59.52,0.16,0,0,0,0,0,0,0.16,14.16,30.24,42.96,56.72,59.44,59.52,59.12,52.88,44.4,28.64,10.88,0.64,0,0,0,0,0
2019-08-13,1,399.68,17,54.96,0,54.96,0.96,0,0,0,0,0,0,0.96,11.76,27.44,41.2,54.96,54.4,51.28,46.4,43.12,36.32,22.96,8.88,0,0,0,0,0,0
2019-08-14,1,413.12,17,53.84,0,53.84,1.6,0,0,0,0,0,0,1.6,13.84,21.04,42.88,53.2,52.48,53.84,51.2,48.16,40.88,27.6,6.4,0,0,0,0,0,0
2019-08-15,1,124.96,5,19.44,0,19.44,0.24,0,0,0,0,0,0,0,0.24,14.8,9.68,10.64,19.44,15.6,16.16,18.88,12,3.12,2.8,1.6,0,0,0,0,0
2019-08-16,1,467.2,19,68.4,0,68.4,0.88,0,0,0,0,0,0,1.6,14.56,28.88,42.88,62.72,68.4,58.48,55.84,56.56,45.28,23.52,7.6,0.88,0,0,0,0,0
2019-08-17,1,491.84,20,66.88,0,66.88,0.56,0,0,0,0,0,0,1.12,14.08,30,45.44,59.12,66.88,66.16,63.52,57.52,46.96,29.44,11.04,0.56,0,0,0,0,0
2019-08-18,1,405.04,17,60.32,0,60.32,0.96,0,0,0,0,0,0,1.04,7.44,16.32,27.68,41.04,60.32,57.6,60.08,51.92,42.16,25.6,12.88,0.96,0,0,0,0,0
2019-08-19,1,395.52,16,56.64,0,56.64,0.88,0,0,0,0,0,0,2.24,11.12,22.32,37.92,56.64,53.6,50.72,48.56,44.08,29.68,26.72,11.04,0.88,0,0,0,0,0
2019-08-20,1,310.64,13,57.76,0,57.76,0.64,0,0,0,0,0,0,0,7.2,16.4,15.68,44.24,57.76,48.24,45.28,23.28,24.8,16.88,10.24,0.64,0,0,0,0,0
2019-08-21,1,250.48,10,42.8,0,42.8,0.08,0,0,0,0,0,0,0.4,2,14.4,12.32,31.92,34.16,38,42.8,41.04,20.16,11.68,1.52,0.08,0,0,0,0,0
2019-08-22,1,71.12,3,18.24,0,18.24,0.16,0,0,0,0,0,0,0,0,2.08,0.16,0.88,2,4.32,7.84,12.48,11.6,10.88,18.24,0.64,0,0,0,0,0
2019-08-23,1,189.68,8,41.2,0,41.2,0.64,0,0,0,0,0,0,0.72,4.64,11.44,9.6,7.44,5.92,8.64,28.96,41.2,36.64,20.08,13.76,0.64,0,0,0,0,0
2019-08-24,1,392.4,16,62.48,0,62.48,0.24,0,0,0,0,0,0,1.52,13.28,37.52,54.32,62.48,49.6,45.04,41.84,31.84,30.96,15.28,8.48,0.24,0,0,0,0,0
2019-08-25,1,239.52,10,39.36,0,39.36,0.48,0,0,0,0,0,0,0.48,4.4,11.6,14.96,39.36,34.32,21.84,28.32,36.8,25.28,16.16,5.04,0.96,0,0,0,0,0
2019-08-26,1,469.44,20,71.28,0,71.28,0.72,0,0,0,0,0,0,1.36,14.56,31.12,49.04,62,71.28,66.72,46.64,57.04,39.84,19.36,9.76,0.72,0,0,0,0,0
2019-08-27,1,81.68,3,15.92,0,15.92,1.36,0,0,0,0,0,0,0,1.36,11.84,15.92,13.92,7.36,3.44,2.72,4.24,8.08,11.2,1.6,0,0,0,0,0,0
2019-08-28,1,146.48,6,28.56,0,28.56,1.2,0,0,0,0,0,0,0,0,2.08,7.68,18.08,21.28,21.04,24.8,28.56,13.52,8.24,1.2,0,0,0,0,0,0
2019-08-29,1,86.64,4,17.68,0,17.68,0.24,0,0,0,0,0,0,0.24,2,0.8,0.72,10.08,17.68,15.36,14,15.68,7.44,1.84,0.8,0,0,0,0,0,0
2019-08-30,1,438.88,18,63.28,0,63.28,0.4,0,0,0,0,0,0,1.76,12.72,26.96,52.24,63.28,60.16,34.72,55.2,50.72,42.4,27.84,10.48,0.4,0,0,0,0,0
2019-08-31,1,486.8,20,66,0,66,0.4,0,0,0,0,0,0,2.08,14.64,31.12,49.04,55.12,63.92,65.12,66,60,43.92,25.44,10,0.4,0,0,0,0,0
2019-09-01,1,212.64,9,41.28,0,41.28,0.4,0,0,0,0,0,0,0.4,4.8,13.84,21.36,35.92,41.28,38.32,26.88,15.52,9.36,4.08,0.88,0,0,0,0,0,0
2019-09-02,1,63.28,3,17.44,0,17.44,0.08,0,0,0,0,0,0,0,0.96,1.44,1.36,2.4,1.84,6.32,7.12,16,17.44,8.32,0.08,0,0,0,0,0,0
2019-09-03,1,122.96,5,31.36,0,31.36,0.56,0,0,0,0,0,0,0.64,1.6,2.88,3.12,11.76,31.36,25.36,21.84,7.52,11.04,5.28,0.56,0,0,0,0,0,0
2019-09-04,1,226.16,9,40.56,0,40.56,2.32,0,0,0,0,0,0,0,2.32,8.88,20,37.52,37.12,40.56,29.92,24.8,14.64,5.04,5.36,0,0,0,0,0,0
2019-09-05,1,433.28,18,62,0,62,0.16,0,0,0,0,0,0,1.28,12.64,25.44,43.68,57.92,62,61.52,52.56,39.76,43.2,26.48,6.64,0.16,0,0,0,0,0
2019-09-06,1,257.44,11,43.12,0,43.12,3.36,0,0,0,0,0,0,0,6.4,21.68,22.64,27.2,25.04,29.68,43.12,30.4,28.48,19.44,3.36,0,0,0,0,0,0
2019-09-07,1,235.04,10,64.48,0,64.48,0.16,0,0,0,0,0,0,0,0.4,0.88,8.88,42.88,64.48,25.36,13.12,33.28,21.76,17.36,6.48,0.16,0,0,0,0,0
2019-09-08,1,280.4,12,50.8,0,50.8,0.56,0,0,0,0,0,0,0.56,6.24,14,14.48,20.16,30,26.4,40.96,50.8,42.4,28,6.4,0,0,0,0,0,0
2019-09-09,1,443.04,18,67.84,0,67.84,1.52,0,0,0,0,0,0,1.52,14.08,22.8,45.36,62.56,63.04,67.84,63.04,57.6,29.68,11.92,3.6,0,0,0,0,0,0
2019-09-10,1,346.64,14,47.52,0,47.52,0.16,0,0,0,0,0,0,0.16,5.2,26.48,45.92,43.2,42.56,39.76,47.52,38.32,27.36,24.8,5.36,0,0,0,0,0,0
2019-09-11,1,282.16,12,64.24,0,64.24,0.08,0,0,0,0,0,0,0.08,11.6,18.64,32.4,43.2,64.24,45.2,34.4,12.96,10.88,6.24,2.32,0,0,0,0,0,0
2019-09-12,1,211.44,9,35.44,0,35.44,1.2,0,0,0,0,0,0,0,3.04,17.44,31.44,35.44,27.52,28.56,27.04,15.2,18.96,5.6,1.2,0,0,0,0,0,0
2019-09-13,1,505.52,21,71.92,0,71.92,0.16,0,0,0,0,0,0,0.64,13.52,34.24,55.12,63.36,71.92,70.16,65.2,55.92,43.68,25.2,6.4,0.16,0,0,0,0,0
2019-09-14,1,472.88,20,69.84,0,69.84,0.64,0,0,0,0,0,0,0.64,11.44,20.88,48.72,61.36,69.84,69.68,64.16,55.2,41.76,23.52,5.68,0,0,0,0,0,0
2019-09-15,1,382.72,16,55.52,0,55.52,0.96,0,0,0,0,0,0,0.96,8.4,25.84,45.2,51.76,46.16,29.84,49.52,55.52,41.84,22.24,5.44,0,0,0,0,0,0
2019-09-16,1,367.52,15,61.04,0,61.04,0.08,0,0,0,0,0,0,0.8,13.84,33.36,47.28,61.04,56.4,44.4,31.04,25.12,25.12,22.4,6.64,0.08,0,0,0,0,0
2019-09-17,1,494.32,21,70.8,0,70.8,0.08,0,0,0,0,0,0,0.96,11.36,35.76,47.12,68.88,70.8,68.96,64.32,55.12,41.52,23.68,5.76,0.08,0,0,0,0,0
2019-09-18,1,430.8,18,65.76,0,65.76,0.88,0,0,0,0,0,0,0.88,12,19.28,33.6,56.96,60.32,52.32,65.76,58.88,40.4,24.88,5.52,0,0,0,0,0,0
2019-09-19,1,532.48,22,75.2,0,75.2,0.08,0,0,0,0,0,0,1.36,14.16,36.56,57.6,71.36,75.2,74.96,66.88,59.28,45.04,24.56,5.44,0.08,0,0,0,0,0
2019-09-20,1,401.84,17,72.56,0,72.56,0.08,0,0,0,0,0,0,0.08,3.44,9.76,24.32,59.68,72.56,71.12,59.6,50.08,30.16,18.24,2.8,0,0,0,0,0,0
2019-09-21,1,37.2,2,10.96,0,10.96,0.08,0,0,0,0,0,0,0,0.72,2.8,2.8,5.84,10.96,3.2,5.04,3.12,1.84,0.8,0.08,0,0,0,0,0,0
2019-09-22,1,32.56,1,6,0,6,0.24,0,0,0,0,0,0,0,0.24,2.24,3.2,6,4.88,5.68,4.32,2.96,2.48,0.56,0,0,0,0,0,0,0
2019-09-23,1,196.24,8,43.28,0,43.28,0.08,0,0,0,0,0,0,0.16,3.84,20.24,28.72,26.8,34.24,43.28,19.12,8.96,8.48,2.32,0.08,0,0,0,0,0,0
2019-09-24,1,516.96,22,74.24,0,74.24,0.08,0,0,0,0,0,0,0.72,15.76,37.76,59.84,69.44,74.24,73.84,68.64,59.28,32.8,20.32,4.24,0.08,0,0,0,0,0
2019-09-25,1,430.88,18,68.32,0,68.32,0.64,0,0,0,0,0,0,0.64,15.84,35.68,47.6,64.72,68.32,59.68,61.6,39.2,24.32,11.52,1.76,0,0,0,0,0,0
2019-09-26,1,468.72,20,74.32,0,74.32,0.72,0,0,0,0,0,0,0.72,12.96,35.12,51.92,66.88,74.32,69.84,64.24,50.56,27.44,13.28,1.44,0,0,0,0,0,0
2019-09-27,1,155.04,6,38.24,0,38.24,0.08,0,0,0,0,0,0,0.16,2.72,5.6,10.32,19.92,35.36,20.08,38.24,16.56,4.16,1.84,0.08,0,0,0,0,0,0
2019-09-28,1,102.96,4,25.2,0,25.2,0.48,0,0,0,0,0,0,0,5.12,12.64,15.12,25.2,14.32,13.04,9.68,6.16,0.56,0.64,0.48,0,0,0,0,0,0
2019-09-29,1,352.96,15,64.72,0,64.72,1.44,0,0,0,0,0,0,0,1.92,10.24,40.48,46,64.72,50.08,50.96,49.92,29.28,7.92,1.44,0,0,0,0,0,0
2019-09-30,1,339.12,14,52.32,0,52.32,2.24,0,0,0,0,0,0,0,3.2,20.32,23.6,28.96,49.52,52.32,47.84,49.92,41.2,20,2.24,0,0,0,0,0,0
2019-10-01,1,44.48,2,11.36,0,11.36,0.4,0,0,0,0,0,0,0,0.64,1.36,1.12,1.84,10.48,11.36,2.8,5.84,6.24,2.4,0.4,0,0,0,0,0,0
2019-10-02,1,6.88,0,1.68,0,1.68,0.08,0,0,0,0,0,0,0,0.08,1.44,0.8,1.6,1.68,1.12,0.16,0,0,0,0,0,0,0,0,0,0
2019-10-03,1,333.2,14,68.88,0,68.88,2.4,0,0,0,0,0,0,0,2.4,8.56,24.96,37.36,52.96,68.88,51.28,29.12,38.64,16.48,2.56,0,0,0,0,0,0
2019-10-04,1,503.04,21,73.36,0,73.36,0.56,0,0,0,0,0,0,0.56,12.16,33.04,54.8,69.68,73.36,71.92,67.44,57.44,39.84,19.92,2.88,0,0,0,0,0,0
2019-10-05,1,299.52,12,57.68,0,57.68,0.32,0,0,0,0,0,0,0.32,4.16,32,39.12,35.44,45.28,57.68,40.32,12.8,22.08,10,0.32,0,0,0,0,0,0
2019-10-06,1,456.88,19,69.52,0,69.52,0.08,0,0,0,0,0,0,0.08,10.08,31.76,49.92,58.48,69.52,64.72,59.44,54.32,39.12,17.92,1.52,0,0,0,0,0,0
2019-10-07,1,126.96,5,33.92,0,33.92,0.08,0,0,0,0,0,0,0.08,4.16,3.52,8.56,24.08,33.92,26.64,16.08,5.76,2.64,1.52,0,0,0,0,0,0,0
2019-10-08,1,490.32,20,79.28,0,79.28,0.72,0,0,0,0,0,0,0.72,9.28,22.96,50.48,74.56,74,79.28,68.8,55.2,35.84,17.76,1.44,0,0,0,0,0,0
2019-10-09,1,513.68,21,73.28,0,73.28,0.32,0,0,0,0,0,0,0.32,14.16,39.84,60.48,72.32,73.28,71.36,68.08,57.04,32.96,21.84,2,0,0,0,0,0,0
2019-10-10,1,485.36,20,71.76,0,71.76,0.24,0,0,0,0,0,0,0.24,12.64,37.04,54.56,68.24,71.76,67.52,64.08,52.48,37.84,17.2,1.76,0,0,0,0,0,0
2019-10-11,1,459.44,19,66.4,0,66.4,0.32,0,0,0,0,0,0,0.32,11.04,34.16,53.44,65.12,66.4,64.88,59.28,50.88,34.88,16.64,2.4,0,0,0,0,0,0
2019-10-12,1,503.12,21,76.56,0,76.56,1.68,0,0,0,0,0,0,0,8.8,36.24,58.08,71.52,76.56,74,67.36,55.04,36.64,17.2,1.68,0,0,0,0,0,0
2019-10-13,1,492.72,21,76.8,0,76.8,0.16,0,0,0,0,0,0,0.16,10.72,37.28,50.32,69.28,76.48,76.8,62.88,56.48,31.04,19.6,1.68,0,0,0,0,0,0
2019-10-14,1,497.36,21,80.72,0,80.72,0.16,0,0,0,0,0,0,0.16,11.44,37.36,56.48,73.76,80.72,68.16,60.64,55.92,36.72,15.2,0.8,0,0,0,0,0,0
2019-10-15,1,211.2,9,37.36,0,37.36,1.52,0,0,0,0,0,0,0,2.24,19.28,20.08,16,15.6,29.52,30.4,37.36,22.4,16.8,1.52,0,0,0,0,0,0
2019-10-16,1,450.72,19,75.04,0,75.04,0.08,0,0,0,0,0,0,0.08,7.12,26.24,52.96,63.12,75.04,64,67.6,48.64,32.4,12.24,1.28,0,0,0,0,0,0
2019-10-17,1,271.84,11,52,0,52,0.64,0,0,0,0,0,0,0,5.52,15.76,34.96,47.2,52,40.56,28.72,23.28,11.44,11.76,0.64,0,0,0,0,0,0
2019-10-18,1,17.84,1,5.12,0,5.12,0.24,0,0,0,0,0,0,0,0,3.12,5.12,1.68,2,2.32,0.64,1.52,1.2,0.24,0,0,0,0,0,0,0
2019-10-19,1,433.28,18,81.84,0,81.84,1.36,0,0,0,0,0,0,0,6.24,33.36,52.4,71.84,81.84,71.52,26.96,40.08,29.52,18.16,1.36,0,0,0,0,0,0
2019-10-20,1,377.44,16,68.88,0,68.88,0.16,0,0,0,0,0,0,0.16,8.48,37.6,54.88,68.88,65.68,49.76,33.04,32.16,14.16,11.68,0.96,0,0,0,0,0,0
2019-10-21,1,487.52,20,75.68,0,75.68,0.72,0,0,0,0,0,0,0,7.68,37.84,50.08,71.92,75.68,75.04,69.12,53.92,29.92,15.6,0.72,0,0,0,0,0,0
2019-10-22,1,393.6,16,72.88,0,72.88,0.56,0,0,0,0,0,0,0,6.48,20.96,44.64,66.8,72.88,59.36,40.24,43.36,29.68,8.64,0.56,0,0,0,0,0,0
2019-10-23,1,164,7,31.76,0,31.76,2,0,0,0,0,0,0,0,3.68,14.88,17.76,27.76,31.76,19.92,27.76,14.56,3.92,2,0,0,0,0,0,0,0
2019-10-24,1,129.52,5,29.36,0,29.36,0.08,0,0,0,0,0,0,0,1.52,6.8,5.92,11.84,21.04,20.8,29.36,20.96,8.8,2.4,0.08,0,0,0,0,0,0
2019-10-25,1,434.72,18,73.76,0,73.76,0.32,0,0,0,0,0,0,0,5.76,38.16,58.32,65.28,73.76,68.4,66.08,31.44,15.36,11.84,0.32,0,0,0,0,0,0
2019-10-26,1,499.52,21,87.04,0,87.04,0.08,0,0,0,0,0,0,0.08,6.56,33.84,53.04,79.36,87.04,74.8,72.32,55.84,26.72,9.28,0.64,0,0,0,0,0,0
2019-10-27,1,435.2,18,86.48,0,86.48,0.32,0,0,0,0,0,0,0,7.12,33.68,42.4,54.4,86.48,76.4,60,40.64,23.2,10.56,0.32,0,0,0,0,0,0
2019-10-28,1,487.36,20,77.04,0,77.04,0.08,0,0,0,0,0,0,0.08,6.48,32.88,57.44,69.76,75.12,77.04,69.6,54.32,34.96,8.88,0.8,0,0,0,0,0,0
2019-10-29,1,430.72,18,70.32,0,70.32,0.4,0,0,0,0,0,0,0,5.6,29.52,49.52,64,70.32,68,60.56,46.4,27.04,9.36,0.4,0,0,0,0,0,0
2019-10-30,1,538.08,22,87.6,0,87.6,0.08,0,0,0,0,0,0,0.08,5.92,39.36,64,82.72,87.6,80.96,69.92,56.24,37.36,13.52,0.4,0,0,0,0,0,0
2019-10-31,1,519.68,22,85.6,0,85.6,0.32,0,0,0,0,0,0,0,5.28,37.28,60.88,79.52,85.6,83.28,69.52,52.08,33.84,12.08,0.32,0,0,0,0,0,0
2019-11-01,1,462.16,19,78.72,0,78.72,0.16,0,0,0,0,0,0,0,5.2,31.76,55.28,70.48,78.72,73.6,63.84,46.4,28,8.72,0.16,0,0,0,0,0,0
2019-11-02,1,353.2,15,67.04,0,67.04,0.4,0,0,0,0,0,0,0,4,28.8,50.48,65.28,67.04,47.44,39.36,23.84,14.96,11.6,0.4,0,0,0,0,0,0
2019-11-03,1,271.92,11,65.36,0,65.36,0.56,0,0,0,0,0,0,0,2.4,13.04,17.76,29.12,34.96,65.36,47.92,36.56,17.6,6.64,0.56,0,0,0,0,0,0
2019-11-04,1,266.56,11,59.6,0,59.6,0.24,0,0,0,0,0,0,0,0.96,4.96,19.44,35.28,53.2,39.2,59.6,23.44,20.72,9.52,0.24,0,0,0,0,0,0
2019-11-05,1,475.36,20,79.44,0,79.44,0.16,0,0,0,0,0,0,0,4.48,28.56,53.6,72.32,79.44,78.16,66.48,49.52,32.32,10.32,0.16,0,0,0,0,0,0
2019-11-06,1,466.48,19,75.12,0,75.12,0.16,0,0,0,0,0,0,0,3.04,31.04,56.88,71.76,75.12,71.2,66.4,48.32,32.08,10.48,0.16,0,0,0,0,0,0
2019-11-07,1,378.08,16,76.48,0,76.48,0.24,0,0,0,0,0,0,0,2.16,12.4,26,57.6,76,76.48,63.44,24.08,30.48,9.2,0.24,0,0,0,0,0,0
2019-11-08,1,466.96,19,78.08,0,78.08,0.08,0,0,0,0,0,0,0,3.68,26.56,54.32,70.96,78.08,76.64,66.64,50.32,30.4,9.28,0.08,0,0,0,0,0,0
2019-11-09,1,465.2,19,77.12,0,77.12,0.08,0,0,0,0,0,0,0,2.24,28.72,56.24,71.36,77.12,72.4,63.36,51.12,32.24,10.32,0.08,0,0,0,0,0,0
2019-11-10,1,214.88,9,42,0,42,3.76,0,0,0,0,0,0,0,3.76,14.64,19.52,42,36.32,38.16,22.56,22.64,9.12,6.16,0,0,0,0,0,0,0
2019-11-11,1,440.16,18,75.92,0,75.92,0.08,0,0,0,0,0,0,0,3.2,25.92,56.64,56.32,75.92,75.68,66.32,45.12,25.84,9.12,0.08,0,0,0,0,0,0
2019-11-12,1,424.8,18,76.32,0,76.32,2.4,0,0,0,0,0,0,0,2.4,27.28,57.04,70.8,76.32,58.24,56.48,48.64,24,3.6,0,0,0,0,0,0,0
2019-11-13,1,175.52,7,37.52,0,37.52,0.08,0,0,0,0,0,0,0,3.12,11.6,22.96,28,32.8,37.52,25.2,8.8,2.4,3.04,0.08,0,0,0,0,0,0
2019-11-14,1,517.6,22,88.88,0,88.88,0.08,0,0,0,0,0,0,0,2.64,27.68,64.56,64.16,88.88,79.28,78.4,61.36,38.8,11.76,0.08,0,0,0,0,0,0
2019-11-15,1,484.16,20,83.2,0,83.2,0.08,0,0,0,0,0,0,0,2.4,25.28,60,73.92,83.2,79.52,68,51.6,31.44,8.72,0.08,0,0,0,0,0,0
2019-11-16,1,412.4,17,74.88,0,74.88,0.08,0,0,0,0,0,0,0,1.92,20.88,50.24,45.92,74.88,71.04,61.84,48.8,29.2,7.6,0.08,0,0,0,0,0,0
2019-11-17,1,98.08,4,20.08,0,20.08,0.08,0,0,0,0,0,0,0,0.08,2.88,4.72,11.76,19.6,19.2,13.36,20.08,6.24,0.16,0,0,0,0,0,0,0
2019-11-18,1,265.44,11,63.76,0,63.76,0.88,0,0,0,0,0,0,0,0.88,2.72,30.32,62.32,63.76,39.44,25.2,19.28,19.52,2,0,0,0,0,0,0,0
2019-11-19,1,473.76,20,91.12,0,91.12,0.08,0,0,0,0,0,0,0,3.04,22.4,48.88,49.36,91.12,87.92,67.12,58.64,35.68,9.52,0.08,0,0,0,0,0,0
2019-11-20,1,522.48,22,89.84,0,89.84,1.84,0,0,0,0,0,0,0,1.84,21.28,63.68,80.32,89.84,85.52,75.68,58.24,35.84,10.24,0,0,0,0,0,0,0
2019-11-21,1,456.88,19,78.4,0,78.4,0.08,0,0,0,0,0,0,0,1.76,18.64,56.32,71.2,78.4,77.76,69.36,48.8,27.76,6.8,0.08,0,0,0,0,0,0
2019-11-22,1,395.44,16,67.84,0,67.84,1.04,0,0,0,0,0,0,0,1.04,14.96,49.92,63.28,67.84,62.64,62.32,45.2,24.32,3.92,0,0,0,0,0,0,0
2019-11-23,1,395.68,16,69.76,0,69.76,1.2,0,0,0,0,0,0,0,1.2,12.96,46.96,61.92,69.76,66.32,58.88,42.16,27.04,8.48,0,0,0,0,0,0,0
2019-11-24,1,97.12,4,22.8,0,22.8,1.2,0,0,0,0,0,0,0,0,0,2.08,1.2,19.44,17.2,22.8,15.04,17.44,1.92,0,0,0,0,0,0,0
2019-11-25,1,262.16,11,65.28,0,65.28,2.16,0,0,0,0,0,0,0,2.16,15.2,37.36,40,65.28,56.48,24.8,13.84,4.32,2.72,0,0,0,0,0,0,0
2019-11-26,1,427.92,18,76.08,0,76.08,0.4,0,0,0,0,0,0,0,0.4,11.52,51.04,67.52,76.08,71.28,62.72,50.48,28.64,8.24,0,0,0,0,0,0,0
2019-11-27,1,69.12,3,14.72,0,14.72,0.64,0,0,0,0,0,0,0,0.96,10.4,6.96,14.72,6.24,7.6,10.96,6.4,4.24,0.64,0,0,0,0,0,0,0
2019-11-28,1,187.52,8,41.12,0,41.12,0.56,0,0,0,0,0,0,0,0.56,11.28,28,20.56,19.04,27.52,41.12,19.92,14,5.52,0,0,0,0,0,0,0
2019-11-29,1,464.88,19,80.32,0,80.32,0.08,0,0,0,0,0,0,0,0.88,10,53.6,72,80.32,77.52,72.16,54.88,34.4,9.04,0.08,0,0,0,0,0,0
2019-11-30,1,287.6,12,60.08,0,60.08,0.8,0,0,0,0,0,0,0,0.8,9.68,39.6,23.76,23.04,40.56,60.08,50.4,31.68,8,0,0,0,0,0,0,0
